SEGMENT_ID,SPEED,DIRECTION,LENGTH,STREET_HEADING,START_LONGITUDE,START_LATITUDE,END_LONGITUDE,END_LATITUDE
1,-1,EB,0.5,W,-87.7231602513,41.7930671862,-87.7136071496,41.793140551
2,-1,EB,0.5,W,-87.7136071496,41.793140551,-87.7035554211,41.7933767009
3,-1,EB,0.5,W,-87.7035554211,41.7933767009,-87.693799302,41.7935536023
4,27,EB,0.5,W,-87.693799302,41.7935536023,-87.6840431555,41.7937393759
5,32,EB,0.5,W,-87.6840431555,41.7937393759,-87.6743019717,41.7937791103
6,30,EB,0.5,W,-87.6743019717,41.7937791103,-87.6645832406,41.7938871572
7,27,EB,0.5,W,-87.6645832406,41.7938871572,-87.6548756951,41.7940346735
8,27,EB,0.5,W,-87.6548756951,41.7940346735,-87.6451618298,41.7941646462
9,36,EB,0.72,W,-87.6451618298,41.7941646462,-87.6311283131,41.7943974487
10,-1,EB,0.27,W,-87.6311283131,41.7943974487,-87.625702556,41.7945059819
11,-1,EB,0.5,E,-87.625702556,41.7945059819,-87.6159826042,41.7946636061
12,-1,WB,0.5,W,-87.7915747868,41.7922933877,-87.801548143,41.7920840659
13,-1,WB,0.5,W,-87.7818044315,41.7924861906,-87.7915747868,41.7922933877
14,-1,WB,0.5,W,-87.772065026,41.7926796968,-87.77935,41.7924861906
15,-1,WB,0.5,W,-87.76223503,41.7928797,-87.77206503,41.7926797
16,-1,WB,0.5,W,-87.75250618,41.79302504,-87.76223503,41.7928797
17,-1,WB,0.54,W,-87.7419834738,41.7931681777,-87.7525061843,41.7930250391
19,-1,NB,0.5,S,-87.7201006039,41.6912676378,-87.7205138378,41.6985611194
20,-1,NB,0.5,S,-87.7204446212,41.6985611194,-87.7207943736,41.7059018917
21,-1,NB,0.5,S,-87.7207247188,41.7059018917,-87.7210108659,41.7131708566
22,-1,NB,0.5,S,-87.720941896,41.7131708566,-87.7212281119,41.7205351179
23,-1,NB,0.5,S,-87.7211582444,41.7205351179,-87.7216034956,41.7279240361
24,-1,NB,0.5,S,-87.7215334269,41.7279240361,-87.7213107758,41.7348566529
25,-1,NB,0.5,S,-87.7212449539,41.7348566529,-87.7215654587,41.742178062
26,-1,NB,0.5,S,-87.7214959848,41.742178062,-87.721801291,41.7495695299
27,-1,NB,1.0,S,-87.7217311602,41.7495695299,-87.7223094048,41.7640992823
28,-1,NB,0.5,S,-87.7221715979,41.7640992823,-87.7224617677,41.7713729793
29,-1,NB,0.5,S,-87.7223927753,41.7713729793,-87.722645881,41.7786572624
30,-1,NB,0.5,S,-87.7225767893,41.7786572624,-87.7228471654,41.7859356046
31,-1,NB,0.5,S,-87.722778136,41.7859356046,-87.7230445278,41.7932034198
32,-1,NB,0.62,S,-87.7229756027,41.7932034198,-87.7233273471,41.802316468
33,-1,NB,0.38,S,-87.7232409373,41.802316468,-87.7234560048,41.8078826502
34,-1,NB,0.5,S,-87.7234032253,41.8078826502,-87.7237477951,41.8151945196
35,-1,NB,0.53,S,-87.7236784823,41.8151945196,-87.723940876,41.8229897759
36,-1,NB,0.95,S,-87.7238669791,41.8229897759,-87.7242987603,41.8368812942
37,31,NB,0.5,S,-87.7241670914,41.8368812942,-87.7244396463,41.8442541875
38,34,NB,0.5,S,-87.7243697591,41.8442541875,-87.7246442132,41.8515455888
39,30,NB,0.5,S,-87.7245751041,41.8515455888,-87.7248408908,41.8588673534
40,31,NB,0.5,S,-87.724771498,41.8588673534,-87.7250561494,41.8661711575
41,-1,NB,0.62,S,-87.7249869344,41.8661711575,-87.7253813295,41.8752753838
42,-1,NB,0.46,S,-87.7252950746,41.8752753838,-87.7255863086,41.8819364677
43,-1,NB,0.24,N,-87.7255232056,41.8819364677,-87.7256546637,41.8854658549
44,-1,NB,0.68,N,-87.7256212259,41.8854658549,-87.725990629,41.8953666789
45,21,NB,0.5,N,-87.7258968524,41.8953666789,-87.7261884496,41.9026704832
46,20,NB,0.24,N,-87.7261192748,41.9026704832,-87.7262570347,41.9061550576
47,22,NB,0.5,N,-87.7262240305,41.9061550576,-87.7261823777,41.9098857185
48,21,NB,0.5,N,-87.7261470243,41.9098857185,-87.7264442053,41.9171651852
49,18,NB,0.5,N,-87.7263752552,41.9171651852,-87.7266541696,41.9244829851
50,-1,NB,0.5,N,-87.7265848616,41.9244829851,-87.726864157,41.9317893922
51,-1,NB,0.65,N,-87.726794963,41.9317893922,-87.7271516758,41.9411668426
52,-1,NB,0.85,N,-87.7270628829,41.9411668426,-87.727551496,41.9536468185
53,-1,NB,0.4,N,-87.7274333564,41.9536468185,-87.7276617396,41.9596128313
54,25,NB,0.6,N,-87.7276052579,41.9596128313,-87.7279253868,41.9682413338
55,26,NB,0.5,N,-87.727843711,41.9682413338,-87.7281185167,41.9755310394
56,28,NB,0.5,N,-87.7280495172,41.9755310394,-87.7283177717,41.9828305605
57,27,NB,0.5,N,-87.7283177717,41.9828305605,-87.7283177717,41.988652019
59,33,SB,0.5,S,-87.7208769338,41.6985650226,-87.7205328337,41.6912715426
60,32,SB,0.5,S,-87.7211571147,41.7059057937,-87.7208769338,41.6985650226
61,37,SB,0.5,S,-87.7213743744,41.7131747577,-87.7211571147,41.7059057937
62,34,SB,0.5,S,-87.7215908065,41.7205390182,-87.7213743744,41.7131747577
63,-1,SB,0.5,S,-87.721966073,41.7279279345,-87.7215908065,41.7205390182
64,-1,SB,0.5,S,-87.7216776788,41.7348605537,-87.721966073,41.7279279345
65,-1,SB,0.5,S,-87.7219287929,41.7421819618,-87.7216776788,41.7348605537
66,-1,SB,0.5,S,-87.7221640524,41.7495734287,-87.7219287929,41.7421819618
67,-1,SB,1.0,S,-87.7226046555,41.7641031795,-87.7221640524,41.7495734287
68,-1,SB,0.5,S,-87.7228259157,41.7713768755,-87.7226046555,41.7641031795
69,-1,SB,0.5,S,-87.7230100127,41.7786611581,-87.7228259157,41.7713768755
70,-1,SB,0.5,S,-87.7232114423,41.7859394995,-87.7230100127,41.7786611581
71,-1,SB,0.5,S,-87.7234089919,41.793207314,-87.7232114423,41.7859394995
72,23,SB,0.62,S,-87.72367443040001,41.8023203612,-87.7234089919,41.793207314
73,19,SB,0.38,S,-87.7238367819,41.8078865428,-87.72367443040001,41.8023203612
74,22,SB,0.5,S,-87.7241121224,41.815198411,-87.7238367819,41.8078865428
75,19,SB,0.53,S,-87.7243007082,41.8229936666,-87.7241121224,41.815198411
76,-1,SB,0.95,S,-87.7246009792,41.8368851841,-87.7243007082,41.8229936666
77,-1,SB,0.5,S,-87.72480373110001,41.8442580766,-87.7246009792,41.8368851841
78,-1,SB,0.5,S,-87.7250091595,41.8515494772,-87.72480373110001,41.8442580766
79,25,SB,0.5,S,-87.7252056371,41.858871241,-87.7250091595,41.8515494772
80,26,SB,0.5,S,-87.7254211571,41.8661750444,-87.7252056371,41.858871241
81,30,SB,0.62,S,-87.7257294016,41.8752792694,-87.7254211571,41.8661750444
82,23,SB,0.46,N,-87.7259576089,41.8819403523,-87.7257294016,41.8752792694
83,25,SB,0.24,N,-87.7260556696,41.8854697391,-87.7259576089,41.8819403523
84,27,SB,0.68,N,-87.72633140960001,41.8953705621,-87.7260556696,41.8854697391
85,24,SB,0.5,N,-87.72655391580001,41.9026743655,-87.72633140960001,41.8953705621
86,24,SB,0.24,N,-87.7266587113,41.9061589395,-87.72655391580001,41.9026743655
87,-1,SB,0.5,N,-87.726581748,41.9098896012,-87.7266587113,41.9061589395
88,-1,SB,0.5,N,-87.7268100624,41.917169067,-87.726581748,41.9098896012
89,-1,SB,0.5,N,-87.7270197528,41.9244868661,-87.7268100624,41.917169067
90,-1,SB,0.5,N,-87.72722993800001,41.9317932724,-87.7270197528,41.9244868661
91,-1,SB,0.65,N,-87.72749796560001,41.9411707218,-87.72722993800001,41.9317932724
92,-1,SB,0.85,N,-87.72786858250001,41.9536506962,-87.72749796560001,41.9411707218
93,-1,SB,0.4,N,-87.72804055270001,41.9596167084,-87.72786858250001,41.9536506962
94,-1,SB,0.6,N,-87.728279105,41.96824521,-87.72804055270001,41.9596167084
95,-1,SB,0.5,N,-87.7284849951,41.9755349148,-87.728279105,41.96824521
96,-1,SB,0.5,N,-87.728684246,41.9828344352,-87.7284849951,41.9755349148
97,-1,SB,0.5,N,-87.7288919771,41.9901383429,-87.728684246,41.9828344352
98,24,NB,0.5,S,-87.6625002738,41.7212141057,-87.6626684166,41.7284810983
99,-1,NB,0.5,S,-87.6626684166,41.7284810983,-87.6628819511,41.7357887154
100,-1,NB,0.5,S,-87.6628819511,41.7357887154,-87.6630683582,41.7430756949
101,-1,NB,0.5,S,-87.6630683582,41.7430756949,-87.6632541367,41.7503560091
102,-1,NB,1.0,S,-87.6632541367,41.7503560091,-87.663612718,41.7649079607
103,-1,NB,0.5,S,-87.663612718,41.7649079607,-87.6638378447,41.7721909488
104,-1,NB,0.5,S,-87.6638378447,41.7721909488,-87.6640374592,41.7794635041
105,28,NB,0.5,S,-87.6640374592,41.7794635041,-87.6642111674,41.7867457704
106,30,NB,0.5,S,-87.6642111674,41.7867457704,-87.6643984668,41.7940232957
107,31,NB,0.5,S,-87.6643984668,41.7940232957,-87.6645931099,41.8013171472
108,27,NB,0.5,S,-87.6645931099,41.8013171472,-87.6647891274,41.8086033737
109,27,NB,0.5,S,-87.6647891274,41.8086033737,-87.6649647832,41.8158697299
110,31,NB,0.5,S,-87.6649647832,41.8158697299,-87.6651248281,41.8231508628
111,27,NB,0.5,S,-87.6651248281,41.8231508628,-87.6653847992,41.8305002878
112,26,NB,0.5,S,-87.6653847992,41.8305002878,-87.6655581444,41.8376827898
113,-1,NB,1.0,S,-87.6655581444,41.8376827898,-87.6658407141,41.8523299896
114,22,NB,0.4,S,-87.6658407141,41.8523299896,-87.6659546034,41.8577926807
115,26,NB,0.6,S,-87.6659546034,41.8577926807,-87.6661999959,41.8668604234
116,27,NB,0.5,S,-87.6661999959,41.8668604234,-87.6664153537,41.8741993673
117,29,NB,0.6,S,-87.6664153537,41.8741993673,-87.6666877975,41.8832979102
118,30,NB,0.53,N,-87.6666877975,41.8832979102,-87.6669590125,41.8909763311
119,23,NB,0.35,N,-87.6669590125,41.8909763311,-87.6671078757,41.8960725742
120,-1,NB,0.55,N,-87.6671078757,41.8960725742,-87.6673294583,41.9040161282
121,-1,NB,0.45,N,-87.6673294583,41.9040161282,-87.6675079387,41.9106292239
122,27,NB,0.55,N,-87.6675079387,41.9106292239,-87.6679092691,41.9185457037
123,27,NB,0.45,N,-87.6679092691,41.9185457037,-87.6679620918,41.9251505156
124,23,NB,0.5,N,-87.6679620918,41.9251505156,-87.668210266,41.932402477
125,20,NB,0.5,N,-87.668210266,41.932402477,-87.6684779112,41.939695436
126,24,NB,0.5,N,-87.6684779112,41.939695436,-87.6686743455,41.9469890515
127,-1,NB,0.5,N,-87.6686743455,41.9469890515,-87.6688650541,41.9542892901
128,-1,NB,0.5,N,-87.6688650541,41.9542892901,-87.6690743088,41.9615905019
129,-1,NB,0.5,N,-87.6690743088,41.9615905019,-87.6692552405,41.9688759177
130,-1,NB,0.5,N,-87.6692552405,41.9688759177,-87.6694299012,41.9761710709
131,-1,NB,0.5,N,-87.6694299012,41.9761710709,-87.6696322417,41.9834747775
132,-1,NB,0.23,N,-87.6696322417,41.9834747775,-87.6695265292,41.9867518859
133,25,SB,0.5,S,-87.6630347385,41.7284832358,-87.6628665545,41.7212162434
134,23,SB,0.5,S,-87.6632483146,41.7357908525,-87.6630347385,41.7284832358
135,19,SB,0.5,S,-87.6634347632,41.7430778317,-87.6632483146,41.7357908525
136,27,SB,0.5,S,-87.663620583,41.7503581457,-87.6634347632,41.7430778317
137,33,SB,1.0,S,-87.6639792472,41.7649100967,-87.663620583,41.7503581457
138,31,SB,0.5,S,-87.6642044154,41.7721930844,-87.6639792472,41.7649100967
139,31,SB,0.5,S,-87.6644040713,41.7794656394,-87.6642044154,41.7721930844
140,-1,SB,0.5,S,-87.6645778209,41.7867479054,-87.6644040713,41.7794656394
141,-1,SB,0.5,S,-87.6647651619,41.7940254304,-87.6645778209,41.7867479054
142,-1,SB,0.5,S,-87.6649598466,41.8013192816,-87.6647651619,41.7940254304
143,-1,SB,0.5,S,-87.6651559056,41.8086055077,-87.6649598466,41.8013192816
144,-1,SB,0.5,S,-87.6653316028,41.8158718637,-87.6651559056,41.8086055077
145,-1,SB,0.5,S,-87.6654916893,41.8231529963,-87.6653316028,41.8158718637
146,24,SB,0.5,S,-87.6657517025,41.8305024208,-87.6654916893,41.8231529963
147,25,SB,0.5,S,-87.6659250887,41.8376849226,-87.6657517025,41.8305024208
148,26,SB,1.0,S,-87.6662077421,41.8523321221,-87.6659250887,41.8376849226
149,-1,SB,0.4,S,-87.6663216627,41.8577948131,-87.6662077421,41.8523321221
150,-1,SB,0.6,S,-87.6665671071,41.8668625554,-87.6663216627,41.8577948131
151,24,SB,0.5,S,-87.6667825068,41.8742014988,-87.6665671071,41.8668625554
152,28,SB,0.6,N,-87.6670550027,41.8833000413,-87.6667825068,41.8742014988
153,23,SB,0.53,N,-87.6673262617,41.8909784616,-87.6670550027,41.8833000413
154,29,SB,0.35,N,-87.6674751541,41.8960747044,-87.6673262617,41.8909784616
155,25,SB,0.55,N,-87.6676967823,41.904018258,-87.6674751541,41.8960747044
156,-1,SB,0.45,N,-87.6678753006,41.9106313534,-87.6676967823,41.904018258
157,-1,SB,0.55,N,-87.6682766764,41.9185478323,-87.6678753006,41.9106313534
158,24,SB,0.45,N,-87.668329537,41.9251526443,-87.6682766764,41.9185478323
159,29,SB,0.5,N,-87.6685777528,41.9324046052,-87.668329537,41.9251526443
160,24,SB,0.5,N,-87.6688454399,41.9396975636,-87.6685777528,41.9324046052
161,27,SB,0.5,N,-87.6690419162,41.9469911788,-87.6688454399,41.9396975636
162,29,SB,0.5,N,-87.6692326667,41.9542914171,-87.6690419162,41.9469911788
163,-1,SB,0.5,N,-87.6694419633,41.9615926286,-87.6692326667,41.9542914171
164,-1,SB,0.5,N,-87.669622937,41.9688780441,-87.6694419633,41.9615926286
165,-1,SB,0.5,N,-87.6697976396,41.976173197,-87.669622937,41.9688780441
166,-1,SB,0.5,N,-87.6700000222,41.9834769032,-87.6697976396,41.976173197
167,-1,SB,0.23,N,-87.66971,41.987541,-87.6700000222,41.9834769032
168,-1,EB,0.5,W,-87.8367125529,41.9519145079,-87.8269783644,41.9521088985
169,22,WB,0.46,W,-87.7329622535,41.7932531887,-87.7419834738,41.7931681777
170,-1,WB,0.5,W,-87.7231576487,41.7933416014,-87.7329622535,41.7932531887
171,-1,WB,0.5,W,-87.7136045062,41.7934149656,-87.7231576487,41.7933416014
172,-1,WB,0.5,W,-87.7035527348,41.793651115,-87.7136045062,41.7934149656
173,-1,WB,0.5,W,-87.6937965741,41.7938280159,-87.7035527348,41.793651115
174,-1,WB,0.5,W,-87.684040386,41.7940137889,-87.6937965741,41.7938280159
175,19,WB,0.5,W,-87.6742991606,41.7940535229,-87.684040386,41.7940137889
176,20,WB,0.5,W,-87.6645803881,41.7941615692,-87.6742991606,41.7940535229
177,20,WB,0.5,W,-87.6548728011,41.7943090849,-87.6645803881,41.7941615692
178,21,WB,0.5,W,-87.6451588943,41.7944390571,-87.6548728011,41.7943090849
179,21,WB,0.72,W,-87.6311253178,41.7946718587,-87.6451588943,41.7944390571
180,-1,WB,0.27,E,-87.6256995376,41.7947803916,-87.6311253178,41.7946718587
181,-1,WB,0.5,E,-87.6159795443,41.7949380152,-87.6256995376,41.7947803916
182,-1,EB,0.51,W,-87.7410588664,41.734386902,-87.731161881,41.7345524002
183,-1,EB,0.5,W,-87.731161881,41.7345524002,-87.7214579641,41.7347180742
184,-1,EB,0.49,W,-87.7214579641,41.7347180742,-87.7119953299,41.7348842334
185,-1,EB,0.5,W,-87.7119953299,41.7348842334,-87.7020978703,41.735083368
186,26,EB,0.51,W,-87.7362643899,41.9096183569,-87.7263320051,41.9097494848
187,25,EB,0.49,W,-87.7263320051,41.9097494848,-87.7167020015,41.9098569484
188,27,EB,0.5,W,-87.7167020015,41.9098569484,-87.7069618067,41.909978124
189,23,EB,0.51,W,-87.7069618067,41.909978124,-87.6970362251,41.9100801383
190,19,EB,0.49,W,-87.6970362251,41.9100801383,-87.6872220807,41.9101836642
191,-1,EB,0.5,W,-87.6872220807,41.9101836642,-87.6775874547,41.9103355405
192,25,EB,0.5,W,-87.6775874547,41.9103355405,-87.6676930451,41.9104930855
193,16,EB,0.28,W,-87.6676930451,41.9104930855,-87.6621624942,41.9105689327
194,16,EB,0.72,W,-87.6621624942,41.9105689327,-87.6482730398,41.9107824177
195,20,EB,0.78,W,-87.6482730398,41.9107824177,-87.6331523771,41.9110250802
196,31,WB,0.56,W,-87.7948024476,41.9091729382,-87.8057579864,41.9090033229
197,31,WB,0.5,W,-87.7849627555,41.909248873,-87.7948024476,41.9091729382
198,31,WB,0.48,W,-87.7756143071,41.9093998422,-87.7849627555,41.909248873
199,-1,WB,0.51,W,-87.7657229523,41.9095159354,-87.7756143071,41.9093998422
200,-1,WB,0.51,W,-87.7557943854,41.9096384783,-87.7657229523,41.9095159354
201,-1,WB,0.5,W,-87.7461131909,41.9097629867,-87.7557943854,41.9096384783
202,-1,WB,0.5,W,-87.7362618327,41.9098927671,-87.7461131909,41.9097629867
203,-1,WB,0.51,W,-87.7263294053,41.9100238945,-87.7362618327,41.9098927671
204,-1,WB,0.49,W,-87.7166993605,41.9101313576,-87.7263294053,41.9100238945
205,-1,WB,0.5,W,-87.706959124,41.9102525328,-87.7166993605,41.9101313576
206,-1,WB,0.51,W,-87.6970334998,41.9103545465,-87.706959124,41.9102525328
207,-1,WB,0.49,W,-87.6872193134,41.9104580718,-87.6970334998,41.9103545465
208,-1,WB,0.5,W,-87.6775846462,41.9106099476,-87.6872193134,41.9104580718
209,-1,WB,0.5,W,-87.6676901941,41.9107674921,-87.6775846462,41.9106099476
210,-1,WB,0.28,W,-87.6621596195,41.910843339,-87.6676901941,41.9107674921
211,-1,WB,0.72,W,-87.6482701057,41.9110568232,-87.6621596195,41.910843339
212,-1,WB,0.78,W,-87.6331493782,41.9112994848,-87.6482701057,41.9110568232
213,-1,EB,0.5,W,-87.7741500381,41.865338239,-87.764354818,41.8654815414
214,-1,EB,0.5,W,-87.764354818,41.8654815414,-87.7545600319,41.8655761505
215,-1,EB,0.5,W,-87.7545600319,41.8655761505,-87.7447639101,41.8658134419
216,-1,EB,0.5,W,-87.7447639101,41.8658134419,-87.7349660246,41.8658956887
217,-1,EB,0.5,W,-87.7349660246,41.8658956887,-87.7251717904,41.8660349238
218,-1,EB,0.5,W,-87.7251717904,41.8660349238,-87.7154221093,41.8661526026
219,-1,EB,0.5,W,-87.7154221093,41.8661526026,-87.7056705433,41.8662681014
220,-1,EB,0.5,W,-87.7056705433,41.8662681014,-87.6959088534,41.8663734623
221,-1,EB,0.5,W,-87.6959088534,41.8663734623,-87.6860397975,41.8664753382
222,-1,EB,0.5,W,-87.6860397975,41.8664753382,-87.6762510995,41.8666173666
223,-1,EB,0.5,W,-87.6762510995,41.8666173666,-87.6663849776,41.8667242852
224,-1,EB,0.5,W,-87.6663849776,41.8667242852,-87.6566826727,41.8668594116
225,-1,EB,0.5,W,-87.6566826727,41.8668594116,-87.6469198175,41.8670168965
226,-1,EB,0.25,W,-87.6469198175,41.8670168965,-87.6421893317,41.8670824586
227,-1,EB,0.6,W,-87.6421893317,41.8670824586,-87.6304367047,41.8672367835
228,-1,EB,0.6,W,-87.6304367047,41.8672367835,-87.6189630924,41.8673656534
229,-1,WB,0.5,W,-87.7643523849,41.8657559551,-87.7741476468,41.8656126532
230,31,WB,0.5,W,-87.7545575569,41.8658505637,-87.7643523849,41.8657559551
231,27,WB,0.5,W,-87.7447613932,41.8660878547,-87.7545575569,41.8658505637
232,25,WB,0.5,W,-87.7349634658,41.866170101,-87.7447613932,41.8660878547
233,25,WB,0.5,W,-87.7251691897,41.8663093356,-87.7349634658,41.866170101
234,26,WB,0.5,W,-87.7154194668,41.8664270139,-87.7251691897,41.8663093356
235,-1,WB,0.5,W,-87.7056678592,41.8665425122,-87.7154194668,41.8664270139
236,-1,WB,0.5,W,-87.6959061275,41.8666478725,-87.7056678592,41.8665425122
237,-1,WB,0.5,W,-87.6860370294,41.8667497479,-87.6959061275,41.8666478725
238,-1,WB,0.5,W,-87.6762482895,41.8668917757,-87.6860370294,41.8667497479
239,31,WB,0.5,W,-87.6663821254,41.8669986938,-87.6762482895,41.8668917757
240,38,WB,0.5,W,-87.656679779,41.8671338197,-87.6663821254,41.8669986938
241,33,WB,0.5,W,-87.6469168821,41.867291304,-87.656679779,41.8671338197
242,24,WB,0.25,W,-87.6421863761,41.8673568658,-87.6469168821,41.867291304
243,34,WB,0.6,W,-87.6304336988,41.86751119,-87.6421863761,41.8673568658
244,-1,WB,0.6,E,-87.6189600374,41.8676400592,-87.6304336988,41.86751119
245,26,EB,0.5,W,-87.8015504112,41.7918096469,-87.7915770975,41.7920189692
246,25,EB,0.5,W,-87.7915770975,41.7920189692,-87.7818067839,41.7922117726
247,26,EB,0.5,W,-87.7818067839,41.7922117726,-87.77206742,41.7924052792
248,-1,EB,0.5,W,-87.77206742,41.79240528,-87.76223503,41.79240528
249,-1,EB,0.5,W,-87.76223503,41.79240528,-87.75250866,41.79275062
250,-1,EB,0.54,W,-87.7525086618,41.7927506225,-87.7419859962,41.7928937616
251,-1,EB,0.46,W,-87.7419859962,41.7928937616,-87.7329648143,41.792978773
252,-1,EB,0.5,W,-87.7329648143,41.792978773,-87.7231602513,41.7930671862
253,-1,EB,0.51,W,-87.7020978703,41.735083368,-87.6922007563,41.7352455091
254,-1,EB,0.5,W,-87.6922007563,41.7352455091,-87.682515421,41.7353900769
255,-1,EB,0.5,W,-87.682515421,41.7353900769,-87.6727864295,41.7355171745
256,32,EB,0.5,W,-87.6727864295,41.7355171745,-87.6630665594,41.7356525768
257,25,EB,0.5,W,-87.6630665594,41.7356525768,-87.6533416007,41.7357981642
258,28,EB,0.5,W,-87.6533416007,41.7357981642,-87.6436285094,41.736140859
259,36,EB,0.98,W,-87.6436285094,41.736140859,-87.6254454451,41.7361336678
260,20,EB,0.53,E,-87.6254454451,41.7361336678,-87.6145294906,41.7363658213
261,-1,EB,0.5,E,-87.6145294906,41.7363658213,-87.6048243845,41.7365122036
262,-1,EB,1.0,E,-87.6048243845,41.7365122036,-87.5856381753,41.7367762597
263,23,EB,0.87,E,-87.5856381753,41.7367762597,-87.568873148,41.7370163155
264,-1,WB,0.51,W,-87.7311593177,41.7348268186,-87.7410563453,41.7346613209
265,-1,WB,0.5,W,-87.7214553595,41.734992492,-87.7311593177,41.7348268186
266,-1,WB,0.49,W,-87.711992685,41.7351586508,-87.7214553595,41.734992492
267,-1,WB,0.5,W,-87.7020951833,41.7353577848,-87.711992685,41.7351586508
268,-1,WB,0.51,W,-87.6921980271,41.7355199254,-87.7020951833,41.7353577848
269,-1,WB,0.5,W,-87.6825126506,41.7356644927,-87.6921980271,41.7355199254
270,-1,WB,0.5,W,-87.6727836177,41.7357915897,-87.6825126506,41.7356644927
271,-1,WB,0.5,W,-87.6630637062,41.7359269914,-87.6727836177,41.7357915897
272,36,WB,0.5,W,-87.6533387061,41.7360725783,-87.6630637062,41.7359269914
273,30,WB,0.5,W,-87.6436255734,41.7364152726,-87.6533387061,41.7360725783
274,38,WB,0.98,E,-87.624761,41.736485,-87.6436255734,41.7364152726
275,27,WB,0.53,E,-87.6145264307,41.7366402331,-87.624761,41.736485
276,-1,WB,0.5,E,-87.6048212832,41.7367866148,-87.6145264307,41.7366402331
277,-1,WB,1.0,E,-87.5856349924,41.7370506698,-87.6048212832,41.7367866148
278,-1,WB,0.87,E,-87.5688698936,41.7372907245,-87.5856349924,41.7370506698
279,-1,EB,0.5,W,-87.8269783644,41.9521088985,-87.8170669694,41.9524069352
280,-1,EB,0.5,W,-87.8170669694,41.9524069352,-87.8072619385,41.9526256799
281,-1,EB,0.56,W,-87.8072619385,41.9526256799,-87.7962735095,41.9526056908
282,-1,EB,0.5,W,-87.7962735095,41.9526056908,-87.7865606805,41.9527793008
283,-1,EB,0.5,W,-87.7865606805,41.9527793008,-87.7767759969,41.9529189391
284,-1,EB,0.5,W,-87.7767759969,41.9529189391,-87.7670009299,41.9530473793
285,-1,EB,0.5,W,-87.7670009299,41.9530473793,-87.7571489562,41.9531625184
286,-1,EB,0.5,W,-87.7571489562,41.9531625184,-87.7473061296,41.9532811726
287,-1,EB,0.47,W,-87.7473061296,41.9532811726,-87.7380652196,41.9533921986
288,-1,EB,0.53,W,-87.7380652196,41.9533921986,-87.727618462,41.9535105845
289,-1,EB,0.5,W,-87.727618462,41.9535105845,-87.7178146252,41.9536492536
290,28,EB,0.51,W,-87.7178146252,41.9536492536,-87.708016216,41.9537825128
291,31,EB,0.49,W,-87.708016216,41.9537825128,-87.6982419087,41.9538366862
292,23,EB,0.5,W,-87.6982419087,41.9538366862,-87.6884676201,41.9538755379
293,28,EB,0.5,W,-87.6884676201,41.9538755379,-87.6787557154,41.9540197354
294,31,EB,0.5,W,-87.6787557154,41.9540197354,-87.6690502851,41.9541531514
295,-1,EB,0.34,W,-87.6690502851,41.9541531514,-87.6622513991,41.9542409021
296,-1,EB,0.39,W,-87.6622513991,41.9542409021,-87.6545461948,41.9543511743
297,-1,EB,0.24,W,-87.6545461948,41.9543511743,-87.6497013008,41.9544240318
298,-1,EB,0.25,W,-87.6497013008,41.9544240318,-87.6445645207,41.9545203153
299,-1,WB,0.5,W,-87.8269761925,41.9523833109,-87.8367104228,41.9521889207
300,-1,WB,0.5,W,-87.8170647549,41.9526813472,-87.8269761925,41.9523833109
301,-1,WB,0.5,W,-87.807259682,41.9529000914,-87.8170647549,41.9526813472
302,23,WB,0.56,W,-87.7962712058,41.9528801018,-87.807259682,41.9529000914
303,24,WB,0.5,W,-87.7865583352,41.9530537114,-87.7962712058,41.9528801018
304,23,WB,0.5,W,-87.7767736096,41.9531933493,-87.7865583352,41.9530537114
305,-1,WB,0.5,W,-87.7669985006,41.953321789,-87.7767736096,41.9531933493
306,-1,WB,0.5,W,-87.7571464847,41.9534369276,-87.7669985006,41.953321789
307,28,WB,0.5,W,-87.7473036159,41.9535555813,-87.7571464847,41.9534369276
308,31,WB,0.47,W,-87.7380626662,41.9536666068,-87.7473036159,41.9535555813
309,31,WB,0.53,W,-87.7276158638,41.9537849922,-87.7380626662,41.9536666068
310,34,WB,0.5,W,-87.7178119849,41.9539236607,-87.7276158638,41.9537849922
311,33,WB,0.51,W,-87.7080135337,41.9540569195,-87.7178119849,41.9539236607
312,34,WB,0.49,W,-87.6982391845,41.9541110923,-87.7080135337,41.9540569195
313,31,WB,0.5,W,-87.6884648539,41.9541499435,-87.6982391845,41.9541110923
314,23,WB,0.5,W,-87.6787529076,41.9542941404,-87.6884648539,41.9541499435
315,-1,WB,0.5,W,-87.6690474356,41.954427556,-87.6787529076,41.9542941404
316,27,WB,0.34,W,-87.6622485204,41.9545153063,-87.6690474356,41.954427556
317,-1,WB,0.39,W,-87.654543283,41.954625578,-87.6622485204,41.9545153063
318,16,WB,0.24,W,-87.6496983683,41.9546984352,-87.654543283,41.954625578
319,-1,WB,0.25,W,-87.6445615662,41.9547947184,-87.6496983683,41.9546984352
320,-1,EB,0.56,W,-87.8057602459,41.9087289094,-87.794804754,41.9088985252
321,-1,EB,0.5,W,-87.794804754,41.9088985252,-87.7849651041,41.9089744604
322,-1,EB,0.48,W,-87.7849651041,41.9089744604,-87.7756166957,41.9091254301
323,-1,EB,0.51,W,-87.7756166957,41.9091254301,-87.7657253832,41.9092415237
324,-1,EB,0.51,W,-87.7657253832,41.9092415237,-87.7557968589,41.9093640671
325,-1,EB,0.5,W,-87.7557968589,41.9093640671,-87.7461157058,41.9094885759
326,26,EB,0.5,W,-87.7461157058,41.9094885759,-87.7362643899,41.9096183569
327,-1,NB,0.5,S,-87.6809720935,41.6917781183,-87.6812046376,41.6990779218
328,-1,NB,0.5,S,-87.6812046376,41.6990779218,-87.6814372666,41.7063752847
329,-1,NB,0.5,S,-87.6814372666,41.7063752847,-87.6816602454,41.713672748
330,-1,NB,0.5,S,-87.6816602454,41.713672748,-87.6818720444,41.7209382823
331,-1,NB,0.5,S,-87.6818720444,41.7209382823,-87.6821164908,41.7282286362
332,-1,NB,0.5,S,-87.6821164908,41.7282286362,-87.6823308541,41.7355262471
333,-1,NB,0.5,S,-87.6823308541,41.7355262471,-87.6824960199,41.7428146728
334,-1,NB,0.5,S,-87.6824960199,41.7428146728,-87.6826639338,41.7501017847
335,15,NB,0.63,S,-87.6826639338,41.7501017847,-87.6829192318,41.7592310843
336,25,NB,0.37,S,-87.6829192318,41.7592310843,-87.6830594183,41.764701176
337,29,NB,0.5,S,-87.6830594183,41.764701176,-87.6832609507,41.7719765782
338,-1,NB,0.5,S,-87.6832609507,41.7719765782,-87.6834560431,41.7792149771
339,-1,NB,0.5,S,-87.6834560431,41.7792149771,-87.6836472764,41.786527685
340,-1,NB,0.5,S,-87.6836472764,41.786527685,-87.6838584229,41.793875546
341,-1,NB,0.5,S,-87.6838584229,41.793875546,-87.684040664,41.8011451454
342,-1,NB,0.5,S,-87.684040664,41.8011451454,-87.6842419673,41.8084247143
343,-1,NB,0.5,S,-87.6842419673,41.8084247143,-87.6844449706,41.8156948926
344,-1,NB,0.5,S,-87.6844449706,41.8156948926,-87.6846933402,41.8229949942
345,25,NB,0.2,S,-87.6846933402,41.8229949942,-87.6847191026,41.8259368847
346,27,NB,0.91,S,-87.6847191026,41.8259368847,-87.6850393262,41.8390729803
347,27,NB,0.9,S,-87.6850393262,41.8390729803,-87.6854567493,41.8520308712
348,25,NB,0.5,S,-87.6854567493,41.8520308712,-87.685797,41.857496
349,25,NB,0.5,S,-87.685797,41.857496,-87.6858548579,41.8666115084
350,26,NB,0.65,S,-87.6858548579,41.8666115084,-87.6860859175,41.8760825857
351,-1,NB,0.47,S,-87.6860859175,41.8760825857,-87.6863009624,41.8829951691
352,26,NB,0.52,N,-87.6863009624,41.8829951691,-87.6865108851,41.8906470248
353,27,NB,0.35,N,-87.6865108851,41.8906470248,-87.6866589587,41.8957422115
354,25,NB,0.5,N,-87.6866589587,41.8957422115,-87.686843103,41.9030150932
355,23,NB,0.5,N,-87.686843103,41.9030150932,-87.6870370163,41.9103198343
356,27,NB,0.45,N,-87.6870370163,41.9103198343,-87.6872050148,41.9168043897
357,23,NB,0.55,N,-87.6872050148,41.9168043897,-87.68745819,41.9248996489
358,22,NB,0.2,N,-87.68745819,41.9248996489,-87.6875661231,41.9279807743
359,30,NB,0.3,N,-87.6875661231,41.9279807743,-87.6876989484,41.9321780939
360,40,NB,0.5,N,-87.6876989484,41.9321780939,-87.6879810565,41.9394597831
361,33,NB,0.5,N,-87.6879810565,41.9394597831,-87.6880739349,41.9467297764
362,33,NB,0.5,N,-87.6880739349,41.9467297764,-87.6882824308,41.9540117081
363,34,NB,0.5,N,-87.6882824308,41.9540117081,-87.6884991671,41.9613118159
364,27,NB,0.5,N,-87.6884991671,41.9613118159,-87.6887227326,41.9686138926
365,26,NB,0.5,N,-87.6887227326,41.9686138926,-87.6889668295,41.97589051
366,21,NB,0.5,N,-87.6889668295,41.97589051,-87.6892644434,41.9831666552
367,20,NB,0.5,N,-87.6892644434,41.9831666552,-87.6894886422,41.9904989723
368,-1,SB,0.5,S,-87.681570794,41.699079999,-87.6813382085,41.691780196
369,-1,SB,0.5,S,-87.6818034645,41.7063773615,-87.681570794,41.699079999
370,-1,SB,0.5,S,-87.6820264847,41.7136748244,-87.6818034645,41.7063773615
371,-1,SB,0.5,S,-87.6822383249,41.7209403583,-87.6820264847,41.7136748244
372,-1,SB,0.5,S,-87.6824828127,41.7282307117,-87.6822383249,41.7209403583
373,-1,SB,0.5,S,-87.6826972175,41.7355283222,-87.6824828127,41.7282307117
374,-1,SB,0.5,S,-87.6828624247,41.7428167477,-87.6826972175,41.7355283222
375,-1,SB,0.5,S,-87.6830303802,41.7501038593,-87.6828624247,41.7428167477
376,30,SB,0.63,S,-87.6832857301,41.7592331585,-87.6830303802,41.7501038593
377,32,SB,0.37,S,-87.6834259477,41.76470325,-87.6832857301,41.7592331585
378,29,SB,0.5,S,-87.6836275216,41.7719786518,-87.6834259477,41.76470325
379,25,SB,0.5,S,-87.6838226552,41.7792170504,-87.6836275216,41.7719786518
380,10,SB,0.5,S,-87.6840139301,41.7865297579,-87.6838226552,41.7792170504
381,-1,SB,0.5,S,-87.6842251186,41.7938776185,-87.6840139301,41.7865297579
382,-1,SB,0.5,S,-87.6844074011,41.8011472177,-87.6842251186,41.7938776185
383,16,SB,0.5,S,-87.684608746,41.8084267863,-87.6844074011,41.8011472177
384,29,SB,0.5,S,-87.6848117907,41.8156969641,-87.684608746,41.8084267863
385,32,SB,0.5,S,-87.685060202,41.8229970652,-87.6848117907,41.8156969641
386,26,SB,0.2,S,-87.6850859812,41.8259389558,-87.685060202,41.8229970652
387,33,SB,0.91,S,-87.6854062799,41.8390750509,-87.6850859812,41.8259389558
388,31,SB,0.9,S,-87.6858237771,41.852032941,-87.6854062799,41.8390750509
389,24,SB,0.37,S,-87.685945,41.857516,-87.6858237771,41.852032941
390,23,SB,0.63,S,-87.686221969,41.8666135775,-87.685945,41.857516
391,20,SB,0.65,S,-87.6864530829,41.8760846544,-87.686221969,41.8666135775
392,21,SB,0.47,N,-87.6866681673,41.8829972374,-87.6864530829,41.8760846544
393,25,SB,0.52,N,-87.6868781339,41.8906490928,-87.6866681673,41.8829972374
394,-1,SB,0.35,N,-87.6870262366,41.8957442792,-87.6868781339,41.8906490928
395,-1,SB,0.5,N,-87.6872104227,41.9030171606,-87.6870262366,41.8957442792
396,23,SB,0.5,N,-87.6874043778,41.9103219014,-87.6872104227,41.9030171606
397,33,SB,0.45,N,-87.6875724135,41.9168064565,-87.6874043778,41.9103219014
398,35,SB,0.55,N,-87.6878256352,41.9249017152,-87.6875724135,41.9168064565
399,16,SB,0.2,N,-87.6879335859,41.9279828403,-87.6878256352,41.9249017152
400,20,SB,0.3,N,-87.6880664353,41.9321801597,-87.6879335859,41.9279828403
401,27,SB,0.5,N,-87.6883485854,41.9394618483,-87.6880664353,41.9321801597
402,31,SB,0.5,N,-87.6884415055,41.9467318416,-87.6883485854,41.9394618483
403,30,SB,0.5,N,-87.6886500432,41.954013773,-87.6884415055,41.9467318416
404,-1,SB,0.5,N,-87.6888668215,41.9613138803,-87.6886500432,41.954013773
405,29,SB,0.5,N,-87.689090429,41.9686159566,-87.6888668215,41.9613138803
406,37,SB,0.5,N,-87.6893345677,41.9758925735,-87.689090429,41.9686159566
407,31,SB,0.5,N,-87.6896322236,41.983168718,-87.6893345677,41.9758925735
408,35,SB,0.5,N,-87.6898564646,41.9905010348,-87.6896322236,41.983168718
409,31,EB,0.5,W,-87.6439731098,41.7505008306,-87.6341968458,41.7506044271
410,37,EB,0.49,W,-87.6341968458,41.7506044271,-87.6245276216,41.7508298555
411,20,EB,0.49,E,-87.6245276216,41.7508298555,-87.6149133035,41.7510141454
412,19,EB,0.5,E,-87.6149133035,41.7510141454,-87.6051912535,41.7511156124
413,21,EB,0.5,E,-87.6051912535,41.7511156124,-87.5954153468,41.7511752428
414,25,EB,0.49,E,-87.5954153468,41.7511752428,-87.5858011703,41.7513164293
415,-1,WB,0.5,W,-87.7316040523,41.7494782498,-87.7413265301,41.7492847508
416,-1,WB,0.5,W,-87.7218815259,41.7496709256,-87.7316040523,41.7494782498
417,-1,WB,0.51,W,-87.7118878282,41.7498206443,-87.7218815259,41.7496709256
418,-1,WB,0.48,W,-87.7024134014,41.7498503425,-87.7118878282,41.7498206443
419,24,WB,0.49,E,-87.6245246027,41.7511042672,-87.6341938681,41.7508788394
420,23,WB,0.49,E,-87.6149102436,41.7512885566,-87.6245246027,41.7511042672
421,29,WB,0.5,E,-87.6051881522,41.7513900229,-87.6149102436,41.7512885566
422,-1,WB,0.5,E,-87.595412204,41.7514496528,-87.6051881522,41.7513900229
423,29,WB,0.49,E,-87.5857979864,41.7515908387,-87.595412204,41.7514496528
424,-1,EB,0.48,W,-87.6820597144,41.7208280858,-87.6727283985,41.7208895929
425,-1,EB,0.52,W,-87.6727283985,41.7208895929,-87.6626346092,41.7210579504
426,-1,EB,0.5,W,-87.6626346092,41.7210579504,-87.6529452354,41.7211522049
427,-1,EB,0.5,W,-87.6529452354,41.7211522049,-87.6432247623,41.7213210669
428,-1,EB,0.75,W,-87.6432247623,41.7213210669,-87.628638933,41.7215727836
429,23,EB,0.41,W,-87.628638933,41.7215727836,-87.6205342482,41.721636209
430,32,EB,0.33,E,-87.6205342482,41.721636209,-87.6140942229,41.7217473
432,-1,EB,0.49,W,-87.6303936419,41.8380723428,-87.6267684374,41.8382156912
433,-1,EB,0.48,E,-87.6267684374,41.8382156912,-87.617414412,41.8382790583
434,-1,EB,0.39,E,-87.617414412,41.8382790583,-87.6098439593,41.8383933461
436,-1,WB,0.49,E,-87.6267654189,41.8384900961,-87.6303906644,41.838346762
437,-1,WB,0.48,E,-87.6174113534,41.8385534682,-87.6267654189,41.8384900961
438,-1,WB,0.39,E,-87.6098408684,41.83866775,-87.6174113534,41.8385534682
439,33,EB,0.5,W,-87.7413290513,41.7490103326,-87.7316066149,41.7492038321
440,33,EB,0.5,W,-87.7316066149,41.7492038321,-87.72188413,41.7493965084
441,21,EB,0.51,W,-87.72188413,41.7493965084,-87.7118904749,41.7495462277
442,29,EB,0.48,W,-87.7118904749,41.7495462277,-87.7024160884,41.7495759263
443,33,EB,0.5,W,-87.7024160884,41.7495759263,-87.6926391909,41.7497658287
444,27,EB,0.51,W,-87.6926391909,41.7497658287,-87.6827540461,41.7499136183
445,32,EB,0.49,W,-87.6827540461,41.7499136183,-87.6730852477,41.7501431365
446,-1,EB,0.49,W,-87.6730852477,41.7501431365,-87.6634715402,41.7502908262
447,35,EB,0.5,W,-87.6634715402,41.7502908262,-87.6536959041,41.7503147501
448,31,EB,0.5,W,-87.6536959041,41.7503147501,-87.6439731098,41.7505008306
449,-1,WB,0.5,W,-87.6926364622,41.7500402444,-87.7024134014,41.7498503425
450,-1,WB,0.51,W,-87.6827512753,41.7501880334,-87.6926364622,41.7500402444
451,24,WB,0.49,W,-87.6730824357,41.750417551,-87.6827512753,41.7501880334
452,26,WB,0.49,W,-87.6634686872,41.7505652402,-87.6730824357,41.750417551
453,24,WB,0.5,W,-87.6536930095,41.7505891635,-87.6634686872,41.7505652402
454,-1,WB,0.5,W,-87.6439701738,41.7507752434,-87.6536930095,41.7505891635
455,25,WB,0.5,W,-87.6341938681,41.7508788394,-87.6439701738,41.7507752434
456,27,EB,0.49,E,-87.6140942229,41.7217473,-87.6045043683,41.7219515062
457,-1,EB,0.5,E,-87.6045043683,41.7219515062,-87.5947345466,41.722002538
458,36,EB,0.49,E,-87.5947345466,41.722002538,-87.5851090249,41.722204896
459,-1,EB,0.5,E,-87.5851090249,41.722204896,-87.5753681177,41.7223678834
460,-1,EB,0.8,E,-87.5753681177,41.7223678834,-87.5598741328,41.7225670698
461,-1,EB,0.59,E,-87.5598741328,41.7225670698,-87.5483228809,41.7226205121
462,-1,EB,0.6,E,-87.5483228809,41.7226205121,-87.5365443832,41.7228029936
463,-1,WB,0.48,W,-87.6727255878,41.7211640089,-87.6820569435,41.7211025023
464,-1,WB,0.52,W,-87.6626317556,41.7213323658,-87.6727255878,41.7211640089
465,25,WB,0.5,W,-87.6529423406,41.7214266197,-87.6626317556,41.7213323658
466,-1,WB,0.5,W,-87.6432218261,41.7215954811,-87.6529423406,41.7214266197
467,23,WB,0.75,W,-87.6286359347,41.721847197,-87.6432218261,41.7215954811
468,27,WB,0.41,E,-87.6205312155,41.7219106219,-87.6286359347,41.721847197
469,-1,WB,0.33,E,-87.6140911627,41.7220217125,-87.6205312155,41.7219106219
470,21,WB,0.49,E,-87.6045012673,41.7222259181,-87.6140911627,41.7220217125
471,-1,WB,0.5,E,-87.594731404,41.7222769494,-87.6045012673,41.7222259181
472,25,WB,0.49,E,-87.5851058414,41.7224793067,-87.594731404,41.7222769494
473,-1,WB,0.5,E,-87.5753648927,41.7226422935,-87.5851058414,41.7224793067
474,-1,WB,0.8,E,-87.5598708419,41.7228414789,-87.5753648927,41.7226422935
475,-1,WB,0.59,E,-87.5483195408,41.7228949204,-87.5598708419,41.7228414789
476,-1,WB,0.6,E,-87.536540993,41.7230774012,-87.5483195408,41.7228949204
477,-1,EB,0.54,W,-87.6811681063,41.6916347471,-87.6705815418,41.6917886141
478,-1,EB,0.41,W,-87.663245,41.6920250017,-87.6521384462,41.692109631
479,-1,EB,0.5,W,-87.6521384352,41.692109631,-87.6423663045,41.6922327334
480,-1,EB,0.48,W,-87.6423662972,41.6922327333,-87.6329245691,41.6923240264
481,-1,EB,0.61,W,-87.6329245801,41.6923240265,-87.6210393558,41.6924819001
482,-1,EB,0.57,E,-87.6210393704,41.6924819001,-87.6098570578,41.6926264754
483,-1,EB,0.57,E,-87.6098570614,41.6926264754,-87.5988126481,41.6923749771
484,-1,WB,0.54,W,-87.670578725,41.6920630313,-87.6811653381,41.6919091649
485,-1,WB,0.41,W,-87.6521355509,41.6923840472,-87.663399,41.6922994183
486,-1,WB,0.5,W,-87.6423633676,41.6925071489,-87.6521355509,41.6923840472
487,-1,WB,0.48,W,-87.6329215921,41.6925984414,-87.6423633676,41.6925071489
488,-1,WB,0.61,E,-87.6210363283,41.6927563144,-87.6329215921,41.6925984414
489,-1,WB,0.57,E,-87.6098539827,41.6929008891,-87.6210363283,41.6927563144
490,-1,WB,0.57,E,-87.5988095261,41.6926493901,-87.6098539827,41.6929008891
491,-1,SE,0.48,S,-87.6704846195,41.6917909971,-87.663346,41.692013
492,-1,NW,0.48,S,-87.663494,41.692177,-87.6704818022,41.6920654143
493,24,EB,0.51,S,-87.7817895727,41.7922277907,-87.772082715,41.7940678353
494,23,EB,0.51,S,-87.772082715,41.7940678353,-87.7624030192,41.7955741737
495,23,EB,0.51,S,-87.7624030192,41.7955741737,-87.7526573727,41.7970886104
496,-1,EB,0.51,S,-87.7526573727,41.7970886104,-87.7429034455,41.7985004459
497,-1,EB,0.51,S,-87.7429034455,41.7985004459,-87.733172525,41.8000225514
498,24,EB,0.52,S,-87.733172525,41.8000225514,-87.7234847773,41.8021841928
499,29,EB,0.62,S,-87.7234847773,41.8021841928,-87.7140372137,41.8077612143
500,25,EB,0.66,S,-87.7140372137,41.8077612143,-87.7042605902,41.8139891446
501,25,EB,0.64,S,-87.7042605902,41.8139891446,-87.6944855458,41.8198633558
502,-1,EB,0.64,S,-87.6944855458,41.8198633558,-87.6848960158,41.8258789119
503,-1,EB,0.63,S,-87.6848960158,41.8258789119,-87.675372871,41.831689289
504,29,EB,0.63,S,-87.675372871,41.831689289,-87.6657812595,41.8375620822
505,26,EB,1.19,S,-87.6657812595,41.8375620822,-87.6465225077,41.8470464552
506,25,EB,0.72,S,-87.6465225077,41.8470464552,-87.6348161557,41.8527278475
508,-1,WB,0.51,S,-87.77208033,41.79434225,-87.78178721,41.79250221
509,-1,WB,0.51,S,-87.76240058,41.79584859,-87.77208033,41.79434225
510,-1,WB,0.51,S,-87.75265489,41.79736303,-87.76240058,41.79584859
511,-1,WB,0.51,S,-87.74290093,41.79877485,-87.75265489,41.79736303
512,-1,WB,0.51,S,-87.73316995,41.80029696,-87.74290093,41.79877485
513,-1,WB,0.52,S,-87.72348218,41.80245859,-87.73316995,41.80029696
514,27,WB,0.62,S,-87.71403459,41.80803564,-87.72348218,41.80245859
515,27,WB,0.66,S,-87.7042579,41.81426355,-87.71403459,41.80803564
516,25,WB,0.64,S,-87.69448283,41.82013776,-87.7042579,41.81426355
517,26,WB,0.64,S,-87.68489325,41.82615333,-87.69448283,41.82013776
518,-1,WB,0.63,S,-87.67537005,41.8319637,-87.68489325,41.82615333
519,-1,WB,0.63,S,-87.66577839,41.83783649,-87.67537005,41.8319637
520,34,WB,1.19,S,-87.64651959,41.84732087,-87.66577839,41.83783649
521,-1,WB,0.72,S,-87.63481317,41.85300225,-87.64651959,41.84732087
523,-1,SE,0.59,N,-87.7888701225,42.0119689477,-87.7826304243,42.0048190081
524,-1,SE,0.96,N,-87.7826304243,42.0048190081,-87.7668773678,41.997302901
525,-1,SE,0.15,N,-87.7668773678,41.997302901,-87.7643967598,41.9961393528
526,-1,SE,0.79,N,-87.7643967598,41.9961393528,-87.751306501,41.9902902084
527,-1,NW,0.59,N,-87.78226252,42.00481724,-87.78850216,42.0119672
528,-1,NW,0.96,N,-87.76650952,41.99730108,-87.78226252,42.00481724
529,-1,NW,0.15,N,-87.764172,41.996247,-87.76650952,41.99730108
530,-1,NW,0.79,N,-87.75093868,41.99028834,-87.764172,41.996247
531,28,EB,0.25,W,-87.7394692786,41.851235056,-87.7345102484,41.8513081643
532,25,EB,0.49,W,-87.73451023,41.8513081642,-87.7248565643,41.8514551448
533,25,EB,0.5,W,-87.7248565497,41.8514551447,-87.715005471,41.8515013918
534,-1,EB,0.2,W,-87.715005482,41.8515013919,-87.711157538,41.8518651209
535,-1,EB,0.29,W,-87.7108780567,41.8515084992,-87.7052185483,41.8517448606
536,-1,EB,0.5,W,-87.705218541,41.8517448606,-87.6954340136,41.8517403631
537,-1,EB,0.5,W,-87.6954340282,41.8517403632,-87.6856474998,41.8519327365
538,-1,EB,0.5,W,-87.6856474961,41.8519327365,-87.6758619504,41.8520254222
539,-1,EB,0.51,W,-87.6758619651,41.8520254223,-87.6659431382,41.8522153616
540,-1,EB,0.5,W,-87.6659431492,41.8522153617,-87.6561829409,41.8524053768
541,-1,EB,0.5,W,-87.656182952,41.8524053768,-87.6464628869,41.8525453729
542,-1,EB,0.49,W,-87.6464628758,41.8525453728,-87.6369279083,41.8526856713
543,-1,EB,0.5,W,-87.6369278973,41.8526856712,-87.6270547792,41.8527242399
544,14,EB,0.31,E,-87.623799,41.852665046,-87.6194512191,41.8527760863
545,-1,EB,0.07,E,-87.6270547792,41.8527242399,-87.623799,41.852665046
546,-1,WB,0.25,W,-87.7345076889,41.8515825772,-87.7394667587,41.8515094693
547,-1,WB,0.49,W,-87.7248539636,41.8517295572,-87.7345076889,41.8515825772
548,-1,WB,0.5,W,-87.7150028281,41.8517758038,-87.7248539636,41.8517295572
549,-1,WB,0.2,W,-87.7111548786,41.8521395327,-87.7150028281,41.8517758038
550,-1,WB,0.29,W,-87.7052158636,41.852019272,-87.7108753815,41.8517829108
551,-1,WB,0.5,W,-87.695431287,41.852014774,-87.7052158636,41.852019272
552,-1,WB,0.5,W,-87.6856447314,41.8522071469,-87.695431287,41.852014774
553,-1,WB,0.5,W,-87.6758591402,41.852299832,-87.6856447314,41.8522071469
554,-1,WB,0.51,W,-87.6659402856,41.8524897709,-87.6758591402,41.852299832
555,-1,WB,0.5,W,-87.6561800466,41.8526797855,-87.6659402856,41.8524897709
556,-1,WB,0.5,W,-87.646459951,41.852819781,-87.6561800466,41.8526797855
557,-1,WB,0.49,W,-87.6369249316,41.8529600788,-87.646459951,41.852819781
558,-1,WB,0.5,E,-87.6270517604,41.8529986469,-87.6369249316,41.8529600788
559,-1,WB,0.31,E,-87.6194481677,41.8530504929,-87.623818,41.852991
560,-1,WB,0.07,E,-87.623818,41.852991,-87.6270517604,41.8529986469
561,-1,NB,0.51,S,-87.740896845,41.7345704712,-87.7408287557,41.7419784502
562,-1,NB,0.5,S,-87.7408287557,41.7419784502,-87.7412632413,41.7492014587
563,-1,NB,0.88,S,-87.7412632413,41.7492014587,-87.741598945,41.7618981214
564,-1,NB,0.64,S,-87.741598945,41.7618981214,-87.7418663731,41.7711254297
565,-1,NB,0.5,S,-87.7418663731,41.7711254297,-87.7421146239,41.7784097411
566,-1,NB,0.41,S,-87.7421146239,41.7784097411,-87.7412259766,41.7843170707
567,-1,NB,0.6,S,-87.7412259766,41.7843170707,-87.7417947979,41.793035195
568,-1,NB,0.51,S,-87.7417947979,41.793035195,-87.7428033166,41.8003400449
569,-1,NB,0.5,S,-87.7428033166,41.8003400449,-87.7429589865,41.8076266165
570,-1,NB,0.5,S,-87.7429589865,41.8076266165,-87.7431516294,41.8149300238
571,-1,NB,0.49,S,-87.7431516294,41.8149300238,-87.7433645658,41.8220475654
572,-1,NB,0.5,S,-87.7445766986,41.8659068958,-87.7448074201,41.8731382595
573,-1,NB,0.51,S,-87.7448074201,41.8731382595,-87.7450741768,41.8804946946
574,-1,NB,0.51,S,-87.7450741768,41.8804946946,-87.7453403489,41.8879205051
575,-1,NB,0.49,N,-87.7453403489,41.8879205051,-87.7456284502,41.8949856048
576,-1,NB,0.51,N,-87.7456284502,41.8949856048,-87.7458024865,41.9023415361
577,-1,NB,0.5,N,-87.7458024865,41.9023415361,-87.7459028831,41.9096276932
578,-1,NW,0.53,S,-87.5886173859,41.8109426802,-87.5949089327,41.8169468056
579,-1,NW,0.64,S,-87.5946895061,41.816935359,-87.6001924641,41.8252971863
580,-1,NW,1.0,S,-87.6001924641,41.8252971863,-87.6081678831,41.838571746
581,-1,NW,0.75,S,-87.6081678831,41.838571746,-87.6124560681,41.848976339
582,-1,NW,0.65,S,-87.6124560681,41.848976339,-87.6164188659,41.8579604705
583,-1,NW,0.67,S,-87.6164188659,41.8579604705,-87.6186711362,41.8674650997
584,-1,NE,0.41,N,-87.6186711362,41.8674650997,-87.6171289792,41.8732552139
586,-1,NB,0.53,S,-87.61712898,41.87325521,-87.61730448,41.88091652
587,-1,NE,0.3,N,-87.6173044795,41.8809165183,-87.6138613722,41.8843876871
589,-1,NB,0.51,N,-87.61386137,41.88438769,-87.61390637,41.8918983
591,-1,NW,0.69,N,-87.61390637,41.8918983,-87.61952598,41.90097877
592,-1,NW,0.32,N,-87.6195259779,41.9009787676,-87.6242873281,41.9039960653
593,-1,NW,0.51,N,-87.6242873281,41.9039960653,-87.6257810568,41.9113301795
594,-1,NW,1.05,N,-87.6257810568,41.9113301795,-87.6310264345,41.9260827378
595,-1,NB,0.51,N,-87.6310264345,41.9260827378,-87.6318545747,41.9334256266
596,-1,NW,0.58,N,-87.6318545747,41.9334256266,-87.6382223471,41.9403841461
597,-1,NW,0.62,N,-87.6382223471,41.9403841461,-87.643175157,41.9486486075
598,-1,NW,0.42,N,-87.643175157,41.9486486075,-87.6445812375,41.9546565256
599,-1,NW,0.51,N,-87.6445812375,41.9546565256,-87.6460782274,41.9620060197
600,-1,NW,0.52,N,-87.6460782274,41.9620060197,-87.6477852109,41.9694037972
601,-1,NW,0.51,N,-87.6477852109,41.9694037972,-87.6502830414,41.9765945008
602,-1,NW,0.64,N,-87.6502830414,41.9765945008,-87.6533932841,41.9855533157
604,-1,SW,0.2,S,-87.5793749691,41.7952204517,-87.5804845631,41.7924190294
605,-1,SE,0.53,S,-87.5817584885,41.8027405099,-87.5793749691,41.7952204517
606,-1,SE,0.68,S,-87.5892857918,41.8107941007,-87.5817584885,41.8027405099
607,53,SE,0.53,S,-87.5952757493,41.8169491631,-87.5889841751,41.8109450575
608,54,SE,0.64,S,-87.6005593398,41.8252995274,-87.5950563226,41.8169377172
609,54,SE,1.0,S,-87.6085348206,41.8385740621,-87.6005593398,41.8252995274
610,55,SE,0.75,S,-87.6128230691,41.8489786419,-87.6085348206,41.8385740621
611,55,SE,0.65,S,-87.6167859369,41.8579627613,-87.6128230691,41.8489786419
612,47,SE,0.67,S,-87.6190382545,41.8674673837,-87.6167859369,41.8579627613
613,-1,SW,0.41,S,-87.6174961157,41.873257503,-87.6190382545,41.8674673837
615,38,SB,0.53,N,-87.61767166,41.88091881,-87.61749612,41.8732575
616,-1,SW,0.3,S,-87.6142285649,41.8843899871,-87.6176716636,41.8809188072
618,-1,SB,0.51,N,-87.61427361,41.8919006,-87.61422856,41.88438999
620,-1,SE,0.69,N,-87.61989328,41.90098105,-87.61427361,41.8919006
621,-1,SE,0.32,N,-87.6246546523,41.9039983328,-87.6198932807,41.9009810502
622,-1,SE,0.51,N,-87.6261484121,41.9113324426,-87.6246546523,41.9039983328
623,-1,NB,0.5,N,-87.7459028831,41.9096276932,-87.7459288182,41.9169301148
624,-1,NB,0.5,N,-87.7459288182,41.9169301148,-87.7460848509,41.9242304183
625,-1,NB,0.5,N,-87.7460848509,41.9242304183,-87.7464081568,41.9315315648
626,-1,NB,0.5,N,-87.7464081568,41.9315315648,-87.7466944859,41.9388186376
627,-1,NB,0.5,N,-87.7466944859,41.9388186376,-87.7468692152,41.9461190053
628,-1,NB,0.5,N,-87.7468692152,41.9461190053,-87.7471183356,41.9534197462
629,29,NB,0.61,N,-87.7471183356,41.9534197462,-87.7473906234,41.9622554221
630,-1,SB,0.51,S,-87.7411951673,41.7419803335,-87.7412632143,41.7345723733
631,-1,SB,0.5,S,-87.7416296756,41.7492033545,-87.7411951673,41.7419803335
632,32,SB,0.88,S,-87.7419654588,41.7619000085,-87.7416296756,41.7492033545
633,-1,SB,0.64,S,-87.7422329321,41.7711273217,-87.7419654588,41.7619000085
634,-1,SB,0.5,S,-87.7424812354,41.7784116409,-87.7422329321,41.7711273217
635,35,SB,0.41,S,-87.7415926253,41.784318968,-87.7424812354,41.7784116409
636,35,SB,0.6,S,-87.7421614891,41.7930370853,-87.7415926253,41.784318968
637,-1,SB,0.51,S,-87.7431700421,41.8003419432,-87.7421614891,41.7930370853
638,-1,SB,0.5,S,-87.7433257794,41.8076284928,-87.7431700421,41.8003419432
639,-1,SB,0.5,S,-87.7435184383,41.8149319078,-87.7433257794,41.8076284928
640,-1,SB,0.49,S,-87.7437314373,41.8220494381,-87.7435184383,41.8149319078
641,-1,SB,0.5,S,-87.7451745689,41.8731401541,-87.7449438098,41.8659087662
642,-1,SB,0.51,S,-87.7454413862,41.8804965805,-87.7451745689,41.8731401541
643,24,SB,0.51,N,-87.7457075823,41.8879223958,-87.7454413862,41.8804965805
644,25,SB,0.49,N,-87.7459957206,41.8949874728,-87.7457075823,41.8879223958
645,29,SB,0.51,N,-87.746169799,41.9023434231,-87.7459957206,41.8949874728
646,27,SB,0.5,N,-87.7462702262,41.9096295855,-87.746169799,41.9023434231
647,29,SB,0.5,N,-87.7462962254,41.9169319883,-87.7462702262,41.9096295855
648,18,SB,0.5,N,-87.7464522852,41.9242323024,-87.7462962254,41.9169319883
649,-1,SB,0.5,N,-87.7467756515,41.9315334345,-87.7464522852,41.9242323024
650,-1,SB,0.5,N,-87.7470620151,41.9388205094,-87.7467756515,41.9315334345
651,27,SB,0.5,N,-87.7472367862,41.9461208905,-87.7470620151,41.9388205094
652,27,SB,0.5,N,-87.7474859561,41.9534216145,-87.7472367862,41.9461208905
653,24,SB,0.61,N,-87.7477582908,41.9622573117,-87.7474859561,41.9534216145
654,-1,EB,0.15,W,-87.6337270619,41.875467745,-87.6306791942,41.8754491371
655,-1,EB,0.15,W,-87.6306791942,41.8754491371,-87.6276307364,41.8754846848
656,-1,EB,0.17,E,-87.6276307364,41.8754846848,-87.6242548163,41.8755994887
657,-1,EB,0.18,E,-87.6242548163,41.8755994887,-87.6205895177,41.8756310392
658,-1,WB,0.15,W,-87.6306761885,41.8757235433,-87.6337240692,41.8757421513
659,-1,WB,0.15,E,-87.6276277176,41.8757590907,-87.6306761885,41.8757235433
660,-1,WB,0.17,E,-87.624251783,41.8758738945,-87.6276277176,41.8757590907
661,-1,WB,0.18,E,-87.6205864688,41.8759054447,-87.624251783,41.8758738945
668,-1,NB,0.51,N,-87.8364764897,41.9520487217,-87.8365240012,41.9593746458
669,-1,NB,0.5,N,-87.8365240012,41.9593746458,-87.8365200597,41.9666029184
670,-1,NB,1.2,N,-87.8364657943,41.9666029184,-87.8363972163,41.9842190562
671,-1,SB,0.51,N,-87.8368916539,41.9593762362,-87.8368441003,41.952050312
672,-1,SB,0.5,N,-87.836887754,41.966604509,-87.8368916539,41.9593762362
673,-1,SB,1.2,N,-87.8367650119,41.9842206477,-87.8368335094,41.9666029184
674,-1,NB,0.5,S,-87.6302516413,41.8382721184,-87.6309237336,41.8455540437
675,-1,NB,0.5,S,-87.6309237336,41.8455540437,-87.6307917559,41.8528328188
676,-1,SB,0.5,S,-87.6312907092,41.8455562874,-87.6306185679,41.8382743638
677,-1,SB,0.5,S,-87.6311587767,41.8528350633,-87.6312907092,41.8455562874
679,-1,SB,0.5,N,-87.6445439049,41.8890317788,-87.6442914709,41.8818287714
680,-1,SB,0.51,N,-87.6442914709,41.8818287714,-87.6440417428,41.874374782
681,-1,SB,0.5,S,-87.6440417428,41.874374782,-87.643849254,41.8671810617
682,-1,NB,0.58,S,-87.6137714553,41.7134413253,-87.6139718105,41.7218553843
683,-1,NB,0.51,S,-87.6139718105,41.7218553843,-87.6141896483,41.7291900977
684,-1,NB,0.5,S,-87.6141896483,41.7291900977,-87.6143079092,41.7364992381
685,-1,NB,0.5,S,-87.6143079092,41.7364992381,-87.6145593931,41.743809104
686,-1,NB,0.5,S,-87.6145593931,41.743809104,-87.6148109218,41.7511190099
687,-1,NB,0.5,S,-87.6148109218,41.7511190099,-87.6148962271,41.7584029267
688,-1,NB,0.5,S,-87.6148962271,41.7584029267,-87.6151145145,41.7657125565
689,-1,NB,0.5,S,-87.6151145145,41.7657125565,-87.615233728,41.7729467839
690,-1,NB,0.5,S,-87.615233728,41.7729467839,-87.6154529143,41.7801815775
691,-1,NB,0.51,S,-87.6154529143,41.7801815775,-87.6156377043,41.7875159099
692,-1,NB,0.49,S,-87.6156377043,41.7875159099,-87.615791142,41.7946755473
693,-1,NB,0.51,S,-87.615791142,41.7946755473,-87.6159748727,41.8021096226
694,-1,NB,0.5,S,-87.6159748727,41.8021096226,-87.6163943054,41.8093848774
695,-1,NB,0.5,S,-87.6163943054,41.8093848774,-87.6165993704,41.8166344948
696,-1,NB,0.5,S,-87.6165993704,41.8166344948,-87.616805129,41.823824691
697,-1,NB,0.5,S,-87.616805129,41.823824691,-87.6169702483,41.8311007753
698,-1,NB,0.51,S,-87.6169702483,41.8311007753,-87.6171031194,41.8384212078
699,-1,NB,0.5,S,-87.6171031194,41.8384212078,-87.6172921227,41.8456974224
700,-1,NB,0.26,S,-87.6172921227,41.8456974224,-87.618133536,41.8493386937
701,-1,SB,0.58,S,-87.6143380874,41.7218576767,-87.614137688,41.713443618
702,-1,SB,0.51,S,-87.6145559778,41.7291923898,-87.6143380874,41.7218576767
703,-1,SB,0.5,S,-87.6146742766,41.7365015302,-87.6145559778,41.7291923898
704,-1,SB,0.5,S,-87.6149257801,41.7438113955,-87.6146742766,41.7365015302
705,-1,SB,0.5,S,-87.6151773651,41.751121301,-87.6149257801,41.7438113955
706,-1,SB,0.5,S,-87.6152627045,41.7584052178,-87.6151773651,41.751121301
707,-1,SB,0.5,S,-87.6154810444,41.7657148473,-87.6152627045,41.7584052178
708,-1,SB,0.5,S,-87.6156002918,41.7729490745,-87.6154810444,41.7657148473
709,-1,SB,0.5,S,-87.6158195303,41.7801838678,-87.6156002918,41.7729490745
710,-1,SB,0.51,S,-87.6160043658,41.7875182,-87.6158195303,41.7801838678
711,-1,SB,0.49,S,-87.6161578443,41.7946778372,-87.6160043658,41.7875182
712,-1,SB,0.51,S,-87.6163416247,41.8021119123,-87.6161578443,41.7946778372
713,-1,SB,0.5,S,-87.6167610807,41.809387166,-87.6163416247,41.8021119123
714,-1,SB,0.5,S,-87.6169661907,41.816636783,-87.6167610807,41.809387166
715,-1,SB,0.5,S,-87.6171719977,41.823826979,-87.6169661907,41.816636783
716,-1,SB,0.5,S,-87.6173371439,41.831103063,-87.6171719977,41.823826979
717,-1,SB,0.51,S,-87.6174700788,41.8384234955,-87.6173371439,41.831103063
718,-1,SB,0.5,S,-87.6176590907,41.8456997096,-87.6174700788,41.8384234955
719,-1,SB,0.26,S,-87.6185005579,41.8493409786,-87.6176590907,41.8456997096
721,-1,NW,0.62,N,-87.6620211809,41.9107515338,-87.66795526,41.9186224793
722,-1,NW,0.69,N,-87.66795526,41.9186224793,-87.6777181976,41.9253642343
723,-1,NW,0.7,N,-87.6777181976,41.9253642343,-87.6877028527,41.932155723
724,-1,NW,0.69,N,-87.6877028527,41.932155723,-87.6975427838,41.9389510144
725,-1,NW,0.71,N,-87.6975427838,41.9389510144,-87.7076034036,41.9459110608
726,-1,NW,0.7,N,-87.7076034036,41.9459110608,-87.7175938572,41.9527602453
727,-1,NW,0.7,N,-87.7175938572,41.9527602453,-87.7276593483,41.9596637502
728,-1,NW,0.71,N,-87.7276593483,41.9596637502,-87.7377080225,41.9666188341
729,-1,NW,0.68,N,-87.7377080225,41.9666188341,-87.7477808237,41.9729443485
730,-1,NW,0.66,N,-87.7477808237,41.9729443485,-87.7576429367,41.9789461906
731,-1,NW,0.69,N,-87.7576429367,41.9789461906,-87.7681529956,41.985030803
732,-1,NW,0.6,N,-87.7681529956,41.985030803,-87.777705256,41.9899033437
733,-1,NW,0.33,N,-87.777705256,41.9899033437,-87.7828565045,41.9926628402
735,-1,SE,0.62,N,-87.6683226494,41.9186246076,-87.6623885394,41.9107536809
736,-1,SE,0.69,N,-87.6780856594,41.9253663319,-87.6683226494,41.9186246076
737,-1,NW,0.79,N,-87.7002228515,41.9247896604,-87.7120661817,41.9319511814
738,-1,NW,0.78,N,-87.7120661817,41.9319511814,-87.72376658,41.9391405545
739,-1,NW,0.78,N,-87.72376658,41.9391405545,-87.7354431617,41.9462431643
740,-1,SE,0.7,N,-87.6880703543,41.9321577889,-87.6780856594,41.9253663319
741,-1,SE,0.69,N,-87.697910325,41.9389530491,-87.6880703543,41.9321577889
742,-1,SE,0.71,N,-87.7079709525,41.9459130633,-87.697910325,41.9389530491
743,-1,SE,0.7,N,-87.7179614498,41.9527622162,-87.7079709525,41.9459130633
744,-1,SE,0.7,N,-87.7280269886,41.9596656891,-87.7179614498,41.9527622162
745,-1,SE,0.71,N,-87.7380757182,41.9666207411,-87.7280269886,41.9596656891
746,-1,SE,0.68,N,-87.7481485344,41.9729462234,-87.7380757182,41.9666207411
747,-1,SE,0.66,N,-87.7580106972,41.9789480342,-87.7481485344,41.9729462234
748,-1,SE,0.69,N,-87.7685207735,41.985032613,-87.7580106972,41.9789480342
749,-1,SE,0.6,N,-87.7780730735,41.9899051234,-87.7685207735,41.985032613
750,-1,SE,0.33,N,-87.7832243493,41.9926646035,-87.7780730735,41.9899051234
751,-1,NB,0.89,S,-87.524295994,41.7027432269,-87.5350924196,41.71281167
752,-1,NB,0.59,S,-87.5350924196,41.71281167,-87.5350520018,41.7213261115
753,-1,NB,0.13,S,-87.5350520018,41.7213261115,-87.5363594103,41.7229402903
754,-1,SB,0.89,S,-87.5354586494,41.7128142135,-87.5246621584,41.7027458042
755,-1,SB,0.59,S,-87.5354182726,41.7213286555,-87.5354586494,41.7128142135
756,-1,SB,0.13,S,-87.5367257051,41.7229428303,-87.5354182726,41.7213286555
757,-1,WB,0.43,E,-87.62806696,41.8917151045,-87.6325878656,41.8916126007
758,-1,WB,0.2,E,-87.6241461501,41.8917303986,-87.62806696,41.8917151045
759,-1,WB,0.2,E,-87.6202037576,41.891798492,-87.6241461501,41.8917303986
760,25,WB,0.3,E,-87.6142179735,41.89189994,-87.6202037576,41.891798492
762,-1,NB,0.51,S,-87.8007155573,41.7772906843,-87.8010328293,41.7846875845
763,-1,NB,0.5,S,-87.8010328293,41.7846875845,-87.801344619,41.7919383373
764,-1,NB,0.26,S,-87.801344619,41.7919383373,-87.801422144,41.795759475
765,20,NB,0.51,N,-87.8055690991,41.9088375317,-87.8058078034,41.9161689398
766,-1,NB,0.54,N,-87.8058078034,41.9161689398,-87.8060612029,41.9239918867
767,-1,NB,0.47,N,-87.8060612029,41.9239918867,-87.8062855111,41.930812181
768,-1,NB,0.5,N,-87.8062855111,41.930812181,-87.8065443404,41.9379872726
769,-1,NB,0.5,N,-87.8065443404,41.9379872726,-87.8068210943,41.9452629688
770,13,NB,0.59,N,-87.8068210943,41.9452629688,-87.8071055817,41.9538790793
771,-1,NB,0.5,N,-87.8069498272,41.9682596163,-87.8068343518,41.9754664535
772,-1,NW,0.78,N,-87.7354431617,41.9462431643,-87.7471035018,41.9534177331
773,-1,NW,0.62,N,-87.7471035018,41.9534177331,-87.7543053641,41.9606324493
774,-1,EB,0.12,W,-87.7506684369,41.990023298,-87.7483271581,41.9897623135
775,-1,EB,0.51,W,-87.7483271581,41.9897623135,-87.7383865392,41.9898734235
776,-1,EB,0.5,W,-87.7383865392,41.9898734235,-87.7286566934,41.9900311655
777,-1,EB,0.5,W,-87.7286566934,41.9900311655,-87.7188702116,41.9901159749
778,-1,EB,0.39,W,-87.7188702116,41.9901159749,-87.7111114564,41.9902451513
779,-1,EB,0.6,W,-87.7111114564,41.9902451513,-87.6994001534,41.9903007523
780,-1,EB,0.49,W,-87.6994001534,41.9903007523,-87.6896938259,41.9903835167
781,-1,EB,0.5,W,-87.6896938259,41.9903835167,-87.6798605752,41.9905502221
782,-1,EB,0.39,W,-87.6798605752,41.9905502221,-87.6721479065,41.9906428343
783,-1,WB,0.12,W,-87.7483246455,41.9900367205,-87.7506659344,41.9902977051
784,-1,WB,0.51,W,-87.738383984,41.99014783,-87.7483246455,41.9900367205
785,-1,WB,0.5,W,-87.7286540964,41.9903055715,-87.738383984,41.99014783
786,-1,WB,0.5,W,-87.7188675725,41.9903903804,-87.7286540964,41.9903055715
787,-1,WB,0.39,W,-87.7111087839,41.9905195564,-87.7188675725,41.9903903804
788,-1,WB,0.6,W,-87.6993974307,41.9905751568,-87.7111087839,41.9905195564
789,-1,WB,0.49,W,-87.6896910614,41.9906579206,-87.6993974307,41.9905751568
790,-1,WB,0.5,W,-87.6798577685,41.9908246255,-87.6896910614,41.9906579206
791,-1,WB,0.39,W,-87.6721450666,41.9909172373,-87.6798577685,41.9908246255
792,-1,EB,0.63,W,-87.6721479065,41.9906428343,-87.662406509,41.9849056913
793,-1,EB,0.45,W,-87.662406509,41.9849056913,-87.6535201163,41.9852595517
794,-1,WB,0.45,W,-87.6535171971,41.9855339538,-87.6624036279,41.985180094
795,-1,WB,0.63,W,-87.6624036279,41.985180094,-87.6721450666,41.9909172373
796,-1,NB,1.01,S,-87.5857288013,41.7077680335,-87.5849507392,41.722346361
797,-1,NB,0.5,S,-87.5849507392,41.722346361,-87.5850694771,41.7296111731
798,-1,NB,0.5,S,-87.5850694771,41.7296111731,-87.5852385693,41.7369134537
799,-1,NB,0.5,S,-87.5852385693,41.7369134537,-87.5854076784,41.7442162163
800,-1,NB,0.5,S,-87.5854076784,41.7442162163,-87.5855768194,41.7515184785
801,-1,NB,0.5,S,-87.5855768194,41.7515184785,-87.585746426,41.7587831979
802,-1,NB,0.5,S,-87.585746426,41.7587831979,-87.5859156196,41.7660854419
803,-1,NB,0.5,S,-87.5859156196,41.7660854419,-87.5860344826,41.7733498484
804,-1,NB,0.5,S,-87.5860344826,41.7733498484,-87.5862545245,41.7806524044
805,-1,NB,0.5,S,-87.5862545245,41.7806524044,-87.5864754787,41.7878796071
806,-1,NB,0.25,S,-87.5864754787,41.7878796071,-87.5865342813,41.7915685714
807,-1,SB,1.01,S,-87.5853170018,41.7223487458,-87.5860949813,41.7077704152
808,27,SB,0.5,S,-87.5854357956,41.729613558,-87.5853170018,41.7223487458
809,32,SB,0.5,S,-87.5856049147,41.7369158383,-87.5854357956,41.729613558
810,21,SB,0.5,S,-87.585774091,41.7442186009,-87.5856049147,41.7369158383
811,28,SB,0.5,S,-87.5859432626,41.7515208628,-87.585774091,41.7442186009
812,27,SB,0.5,S,-87.5861128958,41.7587855819,-87.5859432626,41.7515208628
813,24,SB,0.5,S,-87.5862821566,41.7660878258,-87.5861128958,41.7587855819
814,-1,SB,0.5,S,-87.5864010353,41.7733522321,-87.5862821566,41.7660878258
815,20,SB,0.5,S,-87.5866211188,41.7806547878,-87.5864010353,41.7733522321
816,27,SB,0.5,S,-87.5868421143,41.7878819901,-87.5866211188,41.7806547878
817,31,SB,0.25,S,-87.5869009635,41.7915709546,-87.5868421143,41.7878819901
818,-1,NB,0.48,S,-87.5591040537,41.6591909569,-87.5586554414,41.6661698159
819,-1,NB,0.52,S,-87.5586554414,41.6661698159,-87.5590659738,41.6737659652
820,-1,NB,1.25,S,-87.5590659738,41.6737659652,-87.5592792181,41.6919396448
821,-1,NB,0.62,S,-87.5592792181,41.6919396448,-87.5593916356,41.7009752315
822,-1,NB,0.5,S,-87.5593916356,41.7009752315,-87.5594825555,41.7081667435
823,-1,NB,0.5,S,-87.5594825555,41.7081667435,-87.5595922635,41.7154042389
824,-1,NW,0.59,N,-87.7543053641,41.9606324493,-87.7605911887,41.9678434988
825,-1,NW,0.65,N,-87.7605911887,41.9678434988,-87.7675546457,41.975654244
826,-1,NW,0.61,N,-87.7675546457,41.975654244,-87.774179251,41.9829150282
827,-1,NW,0.61,N,-87.774179251,41.9829150282,-87.7808506377,41.9901946296
828,-1,NB,0.5,N,-87.8068343518,41.9754664535,-87.8067554164,41.9827767713
829,-1,NB,0.5,N,-87.8067554164,41.9827767713,-87.8066960672,41.9899782632
830,-1,NB,0.54,N,-87.8066960672,41.9899782632,-87.8066130746,41.9977744341
831,-1,NB,0.46,N,-87.8066130746,41.9977744341,-87.8065204549,42.0044647335
832,-1,NB,0.5,N,-87.8065204549,42.0044647335,-87.8064419209,42.0117135819
834,-1,SB,0.51,S,-87.801399484,41.7846892828,-87.8010821479,41.7772923833
835,-1,SB,0.5,S,-87.8017113077,41.7919400348,-87.801399484,41.7846892828
836,-1,SB,0.26,S,-87.8017888692,41.7957611724,-87.8017113077,41.7919400348
837,-1,SB,0.51,N,-87.8061752063,41.9161706271,-87.805936449,41.9088392194
838,-1,SB,0.54,N,-87.8064286323,41.9239935733,-87.8061752063,41.9161706271
839,-1,SB,0.47,N,-87.8066529833,41.9308138672,-87.8064286323,41.9239935733
840,-1,SB,0.5,N,-87.8069118722,41.9379889583,-87.8066529833,41.9308138672
841,-1,SB,0.5,N,-87.8071886569,41.9452646537,-87.8069118722,41.9379889583
842,-1,SB,0.59,N,-87.8074731902,41.9538807636,-87.8071886569,41.9452646537
843,-1,SB,0.5,N,-87.8072020843,41.9754681394,-87.8073175404,41.9682613016
844,-1,SB,0.5,N,-87.8071231837,41.9827784576,-87.8072020843,41.9754681394
845,-1,SB,0.5,N,-87.8070638759,41.98997995,-87.8071231837,41.9827784576
846,-1,SB,0.54,N,-87.8069809576,41.9977761215,-87.8070638759,41.98997995
847,-1,SB,0.46,N,-87.8068883617,42.0044664214,-87.8069809576,41.9977761215
848,-1,SB,0.5,N,-87.8068098621,42.0117152702,-87.8068883617,42.0044664214
850,-1,SE,0.56,W,-87.8069576478,41.9809967484,-87.7964600566,41.9787314076
851,-1,SE,0.47,W,-87.7964600566,41.9787314076,-87.787859013,41.9761210286
852,-1,SE,0.53,W,-87.787859013,41.9761210286,-87.7782373882,41.9730538829
853,-1,SE,0.58,W,-87.7782373882,41.9730538829,-87.7675633518,41.970196534
854,25,SE,0.33,W,-87.7675633518,41.970196534,-87.7614792272,41.968577405
856,-1,NW,0.56,W,-87.7964577516,41.9790058174,-87.8069553878,41.9812711585
857,-1,NW,0.47,W,-87.7878566714,41.9763954381,-87.7964577516,41.9790058174
858,-1,NW,0.53,W,-87.7782350055,41.9733282922,-87.7878566714,41.9763954381
859,-1,NW,0.58,W,-87.7675609235,41.9704709429,-87.7782350055,41.9733282922
860,-1,NW,0.33,W,-87.7614767729,41.9688518136,-87.7675609235,41.9704709429
861,-1,EB,0.23,W,-87.6325588172,41.890802544,-87.6280379804,41.8908659481
862,-1,EB,0.2,E,-87.6280379804,41.8908659481,-87.6241289611,41.890933613
863,-1,EB,0.2,E,-87.6241289611,41.890933613,-87.6202254172,41.8910035937
864,25,EB,0.3,E,-87.6202254172,41.8910035937,-87.6142290945,41.8911049219
865,-1,NB,0.49,S,-87.6420313638,41.8672802053,-87.6422453799,41.8743970981
866,-1,NB,0.51,S,-87.6422453799,41.8743970981,-87.6424565074,41.8817855514
867,-1,NB,0.35,N,-87.6424565074,41.8817855514,-87.6426207291,41.8844837459
871,-1,NB,0.32,N,-87.6323022864,41.8869326249,-87.6323743203,41.8915995768
872,-1,NB,0.35,N,-87.6323743203,41.8915995768,-87.6325348871,41.8966118812
873,-1,NB,0.5,N,-87.6325348871,41.8966118812,-87.6327323363,41.9038817979
874,-1,NB,0.5,N,-87.6327323363,41.9038817979,-87.632960514,41.9111587862
875,-1,NB,0.12,N,-87.632960514,41.9111587862,-87.632772,41.913031
876,-1,EB,0.08,W,-87.6329312928,41.9129095435,-87.6315440404,41.9132509892
877,20,EB,0.28,W,-87.6315440404,41.9132509892,-87.6268319095,41.9128509892
878,-1,SB,0.32,N,-87.6327415777,41.891601818,-87.6326695061,41.8869348661
879,-1,SB,0.35,N,-87.6329021476,41.8966141219,-87.6327415777,41.891601818
880,-1,SB,0.5,N,-87.6330996716,41.9038840385,-87.6329021476,41.8966141219
881,-1,SB,0.5,N,-87.6333278653,41.9111610262,-87.6330996716,41.9038840385
882,-1,SB,0.12,N,-87.632854,41.913172,-87.6333278653,41.9111610262
883,-1,WB,0.08,W,-87.6319113969,41.9133832339,-87.632854,41.913172
884,-1,WB,0.28,E,-87.6265992962,41.9129419995,-87.6319113969,41.9133832339
886,27,NE,0.2,N,-87.580117873,41.7924166257,-87.5790082777,41.7952180444
887,-1,NW,0.53,S,-87.5790082777,41.7952180444,-87.5813917503,41.8027381099
888,-1,NW,0.68,S,-87.5813917503,41.8027381099,-87.5889190144,41.8107917244
889,51,SE,1.05,N,-87.6313938932,41.9260849848,-87.6261484121,41.9113324426
890,40,SB,0.51,N,-87.6322220647,41.9334278712,-87.6313938932,41.9260849848
891,-1,SE,0.58,N,-87.6385898812,41.9403863706,-87.6322220647,41.9334278712
892,-1,SE,0.62,N,-87.6435427315,41.9486508165,-87.6385898812,41.9403863706
893,-1,SE,0.42,N,-87.644948865,41.9546587304,-87.6435427315,41.9486508165
894,-1,SE,0.51,N,-87.64644589,41.96200822,-87.644948865,41.9546587304
895,-1,SE,0.52,N,-87.6481529198,41.9694059924,-87.64644589,41.96200822
896,-1,SE,0.51,N,-87.6506507735,41.9765966882,-87.6481529198,41.9694059924
897,-1,SE,0.64,N,-87.6537610863,41.9855554936,-87.6506507735,41.9765966882
898,-1,NB,0.5,S,-87.62305669,41.83834404,-87.62343743,41.84564219
899,-1,NB,0.5,S,-87.62343743,41.84564219,-87.62360876,41.85285485
900,-1,NB,0.51,S,-87.62360876,41.85285485,-87.62377822,41.860205
903,-1,NB,0.49,S,-87.62377822,41.860205,-87.62392868,41.86745208
904,-1,NB,0.57,S,-87.62392868,41.86745208,-87.624123,41.875777
907,27,NB,0.6,S,-87.624123,41.875777,-87.62426376,41.88447407
908,25,NB,0.56,N,-87.62426376,41.88447407,-87.623997,41.892571
911,25,NB,0.84,N,-87.623997,41.892571,-87.62393627,41.90082865
912,27,SB,0.5,S,-87.62390743,41.84564219,-87.62363669,41.83834404
913,24,SB,0.5,S,-87.62410876,41.85285485,-87.62390743,41.84564219
914,23,SB,0.18,S,-87.62423822,41.860205,-87.62410876,41.85285485
917,23,SB,0.23,S,-87.62442868,41.86745208,-87.62423822,41.860205
918,20,SB,0.57,S,-87.624605,41.875777,-87.62442868,41.86745208
921,25,SB,0.25,S,-87.62465,41.88447407,-87.624605,41.875777
922,24,SB,0.56,N,-87.624359,41.892571,-87.62465,41.88447407
925,24,SB,0.84,N,-87.624408,41.90082865,-87.624359,41.892571
926,-1,NW,0.76,N,-87.6441331477,41.8890200552,-87.6551983919,41.8962333529
927,-1,NW,0.75,N,-87.6551983919,41.8962333529,-87.6662786223,41.9033408608
928,-1,NW,0.75,N,-87.6662786223,41.9033408608,-87.6773156389,41.9104755299
929,-1,NW,0.75,N,-87.6773156389,41.9104755299,-87.6883646017,41.9175685137
930,-1,NW,0.79,N,-87.6883646017,41.9175685137,-87.7002228515,41.9247896604
931,-1,NW,0.61,N,-87.7808506377,41.9901946296,-87.7877063878,41.9973513029
932,-1,NW,1.2,N,-87.7877063878,41.9973513029,-87.8009390602,42.0119685688
933,-1,SE,0.76,N,-87.6555656519,41.8962355211,-87.6445003767,41.8890222586
934,-1,SE,0.75,N,-87.666645935,41.903342994,-87.6555656519,41.8962355211
935,-1,SE,0.75,N,-87.6776829823,41.9104776279,-87.666645935,41.903342994
936,-1,SE,0.75,N,-87.6887320123,41.9175705769,-87.6776829823,41.9104776279
937,-1,SE,0.79,N,-87.700590308,41.9247916859,-87.6887320123,41.9175705769
938,24,SE,0.79,N,-87.7124336581,41.9319531692,-87.700590308,41.9247916859
939,-1,SE,0.78,N,-87.7241340948,41.9391425051,-87.7124336581,41.9319531692
940,-1,SE,0.78,N,-87.7358107254,41.9462450778,-87.7241340948,41.9391425051
941,-1,SE,0.78,N,-87.7474711222,41.9534196096,-87.7358107254,41.9462450778
942,-1,SE,0.62,N,-87.7546730264,41.960634303,-87.7474711222,41.9534196096
943,-1,SE,0.59,N,-87.7609588782,41.9678453326,-87.7546730264,41.960634303
944,-1,SE,0.65,N,-87.7679223953,41.9756560558,-87.7609588782,41.9678453326
945,-1,SE,0.61,N,-87.7745470464,41.9829168191,-87.7679223953,41.9756560558
946,-1,SE,0.61,N,-87.7812184608,41.9901963992,-87.7745470464,41.9829168191
947,-1,SE,0.61,N,-87.7880742452,41.9973530508,-87.7812184608,41.9901963992
948,-1,SE,1.2,N,-87.8014390602,42.0119685688,-87.7880742452,41.9973530508
949,-1,WB,0.5,W,-87.686483181,41.8831334079,-87.696333691,41.8830349349
950,-1,WB,0.5,W,-87.696333691,41.8830349349,-87.7061691246,41.8829315251
951,-1,WB,0.28,W,-87.7061691246,41.8829315251,-87.7117472865,41.8828184746
952,-1,WB,0.07,W,-87.7117472865,41.8828184746,-87.7125457303,41.8818979823
953,-1,EB,0.63,W,-87.6494332531,41.8924286216,-87.637047557,41.8923816602
954,-1,EB,0.23,W,-87.637047557,41.8923816602,-87.6325726363,41.8924145112
955,-1,EB,0.23,W,-87.6325726363,41.8924145112,-87.6280709409,41.8924469959
956,-1,EB,0.2,E,-87.6280709409,41.8924469959,-87.6241579489,41.8925430126
957,-1,EB,0.2,E,-87.6241579489,41.8925430126,-87.6202722384,41.8925990544
958,-1,EB,0.29,E,-87.6202722384,41.8925990544,-87.6145369384,41.8927234515
959,-1,WB,0.27,E,-87.6149084728,41.893458213,-87.6202858565,41.8934286118
960,-1,WB,0.2,E,-87.6202858565,41.8934286118,-87.6242206362,41.8933239978
961,-1,WB,0.2,E,-87.6242206362,41.8933239978,-87.6281107904,41.8932683712
962,-1,WB,0.23,E,-87.6281107904,41.8932683712,-87.6326364483,41.8932027711
963,-1,WB,0.23,W,-87.6326364483,41.8932027711,-87.6370995163,41.8931503343
964,-1,WB,0.57,W,-87.6370995163,41.8931503343,-87.6481798833,41.8925171987
965,-1,EB,0.25,W,-87.68972568,41.82282024,-87.6849,41.82307531
966,-1,EB,0.5,W,-87.6849,41.82297531,-87.67507424,41.82304972
967,-1,EB,0.5,W,-87.67507424,41.82304972,-87.66551,41.82307531
968,-1,EB,1.0,W,-87.66551,41.82307531,-87.64595204,41.82339009
969,-1,EB,0.8,W,-87.64595204,41.82339009,-87.63050842,41.82371453
970,-1,EB,0.38,W,-87.63050842,41.82371453,-87.62644842,41.82381853
971,-1,EB,0.54,E,-87.62644842,41.82381853,-87.61699842,41.82387853
972,-1,EB,0.52,E,-87.61699842,41.82387853,-87.60689442,41.82387853
973,-1,WB,0.25,W,-87.6849,41.82327531,-87.68972568,41.82302024
974,-1,WB,0.5,W,-87.67507424,41.82324972,-87.6849,41.82317531
975,-1,WB,0.5,W,-87.66551,41.82327531,-87.67507424,41.82324972
976,-1,WB,1.0,W,-87.64595204,41.82359009,-87.66551,41.82327531
977,-1,WB,0.8,W,-87.63050842,41.82391453,-87.64595204,41.82359009
978,-1,WB,0.38,W,-87.62644842,41.82401853,-87.63050842,41.82391453
979,-1,WB,0.54,E,-87.61699842,41.82407853,-87.62644842,41.82401853
980,-1,WB,0.52,E,-87.60689442,41.82407853,-87.61699842,41.82407853
981,-1,NB,0.49,S,-87.5595922635,41.7154042389,-87.5596915555,41.7224364766
982,-1,SB,0.48,S,-87.5590213942,41.666172282,-87.5594699634,41.6591934211
983,-1,SB,0.52,S,-87.5594319697,41.6737684303,-87.5590213942,41.666172282
984,-1,SB,1.25,S,-87.559645328,41.6919421101,-87.5594319697,41.6737684303
985,-1,SB,0.62,S,-87.5597578004,41.700977697,-87.559645328,41.6919421101
986,-1,SB,0.5,S,-87.5598487355,41.7081692089,-87.5597578004,41.700977697
987,-1,SB,0.5,S,-87.5599585029,41.7154067044,-87.5598487355,41.7081692089
988,-1,SB,0.49,S,-87.5600578495,41.7224389422,-87.5599585029,41.7154067044
989,-1,EB,0.98,W,-87.9048844906,42.008758554,-87.8857937975,42.0094925044
990,-1,EB,0.89,W,-87.8857937975,42.0094925044,-87.8684599993,42.0099285465
991,-1,EB,0.66,W,-87.8684599993,42.0099285465,-87.855460406,42.010380096
992,-1,EB,1.33,W,-87.855460406,42.010380096,-87.8295984545,42.0110763099
993,-1,EB,0.68,W,-87.8295984545,42.0110763099,-87.8163277341,42.0113219108
994,-1,EB,0.5,W,-87.8163277341,42.0113219108,-87.8065782442,42.0115794459
995,-1,EB,0.27,W,-87.8065782442,42.0115794459,-87.8012956054,42.0118596876
996,-1,EB,0.64,W,-87.8012956054,42.0118596876,-87.788844102,42.0118012997
997,-1,EB,0.79,W,-87.788844102,42.0118012997,-87.7734085578,42.0117270439
998,-1,EB,1.17,W,-87.7734085578,42.0117270439,-87.7505285721,42.0117119469
999,-1,EB,1.12,W,-87.7505285721,42.0117119469,-87.7285988897,42.0115985088
1000,-1,EB,1.0,W,-87.7285988897,42.0115985088,-87.7090567368,42.0117196518
1001,-1,EB,0.47,W,-87.7090567368,42.0117196518,-87.6997466265,42.0119763841
1002,-1,EB,0.48,W,-87.6997466265,42.0119763841,-87.6902422854,42.0121628852
1003,-1,EB,0.36,W,-87.6902422854,42.0121628852,-87.6830672906,42.0121053665
1004,-1,EB,0.41,W,-87.6826977229,42.0123768207,-87.6746953394,42.0125192492
1005,-1,EB,0.57,W,-87.6746953394,42.0125192492,-87.6634484746,42.0127106157
1006,-1,WB,0.98,W,-87.885791874,42.0097669164,-87.9048826492,42.0090329667
1007,-1,WB,0.89,W,-87.8684580013,42.0102029578,-87.885791874,42.0097669164
1008,-1,WB,0.66,W,-87.855458352,42.0106545068,-87.8684580013,42.0102029578
1009,-1,WB,1.33,W,-87.8295962893,42.0113507195,-87.855458352,42.0106545068
1010,-1,WB,0.68,W,-87.8163255119,42.0115963199,-87.8295962893,42.0113507195
1011,-1,WB,0.5,W,-87.8065759801,42.0118538545,-87.8163255119,42.0115963199
1012,-1,WB,0.27,W,-87.8012933186,42.012134096,-87.8065759801,42.0118538545
1013,-1,WB,0.64,W,-87.7888417616,42.0120757075,-87.8012933186,42.012134096
1014,-1,WB,0.79,W,-87.7734061511,42.012001451,-87.7888417616,42.0120757075
1015,-1,WB,1.17,W,-87.750526067,42.0119863529,-87.7734061511,42.012001451
1016,-1,WB,1.12,W,-87.7285962904,42.0118729137,-87.750526067,42.0119863529
1017,-1,WB,1.0,W,-87.7090540535,42.0119940558,-87.7285962904,42.0118729137
1018,-1,WB,0.47,W,-87.6997439031,42.0122507875,-87.7090540535,42.0119940558
1019,-1,WB,0.48,W,-87.6902395212,42.0124372881,-87.6997439031,42.0122507875
1020,-1,WB,0.36,W,-87.6830644956,42.012379769,-87.6902395212,42.0124372881
1021,-1,WB,0.41,W,-87.6746925084,42.0127936512,-87.6826949263,42.0126512232
1022,-1,WB,0.57,W,-87.6634455952,42.0129850171,-87.6746925084,42.0127936512
1023,-1,NW,0.08,S,-87.6358018547,41.8757000617,-87.6366594269,41.8768042277
1024,-1,NB,0.35,S,-87.6366594269,41.8768042277,-87.6367064128,41.8819140751
1025,-1,NB,0.26,N,-87.6367064128,41.8819140751,-87.6367881652,41.8857235783
1026,-1,NB,0.11,N,-87.6367881652,41.8857235783,-87.6352595929,41.8868541443
1027,-1,EB,0.15,W,-87.6354447124,41.8867180602,-87.6324858898,41.8867920358
1028,-1,EB,0.23,W,-87.6324858898,41.8867920358,-87.6279765117,41.8866764518
1029,-1,EB,0.19,E,-87.6279765117,41.8866764518,-87.6245792239,41.888028878
1031,-1,EB,0.54,E,-87.62457922,41.88802888,-87.61402835,41.88736263
1032,-1,SE,0.08,S,-87.6370265926,41.8768064545,-87.636169014,41.8757022912
1033,-1,SB,0.35,N,-87.6370736078,41.8819163019,-87.6370265926,41.8768064545
1034,-1,SB,0.26,N,-87.637155382,41.8857258051,-87.6370736078,41.8819163019
1035,-1,SB,0.11,N,-87.635626816,41.886856376,-87.637155382,41.8857258051
1036,-1,WB,0.15,W,-87.6324828907,41.8870664305,-87.6354417258,41.8869924633
1037,-1,WB,0.23,E,-87.627973493,41.8869508682,-87.6324828907,41.8870664305
1038,-1,WB,0.19,E,-87.6245761907,41.8883032777,-87.627973493,41.8869508682
1040,-1,WB,0.54,E,-87.61402527,41.88763704,-87.62457619,41.88830328
1041,-1,EB,0.51,W,-87.7453577712,41.8817351892,-87.7354603388,41.8818154942
1042,-1,EB,0.5,W,-87.7354603388,41.8818154942,-87.7257302987,41.8818520281
1043,-1,EB,0.51,W,-87.7257302987,41.8818520281,-87.715829066,41.8814050014
1044,-1,EB,0.17,W,-87.715829066,41.8814050014,-87.7125300265,41.8816234727
1045,-1,EB,0.32,W,-87.7125300265,41.8816234727,-87.7061493984,41.8817444375
1046,-1,EB,0.5,W,-87.7061493984,41.8817444375,-87.6963109116,41.8818559957
1047,-1,EB,0.5,W,-87.6963109116,41.8818559957,-87.6864587479,41.8819481405
1048,-1,EB,0.5,W,-87.6864587479,41.8819481405,-87.6766645172,41.8820947137
1049,-1,EB,0.5,W,-87.6766645172,41.8820947137,-87.6668391286,41.8822417003
1050,-1,EB,0.11,W,-87.6668391286,41.8822417003,-87.664672601,41.8826899771
1051,-1,EB,0.41,W,-87.664672601,41.8826899771,-87.6566669933,41.8829113042
1052,-1,EB,0.47,W,-87.6566669933,41.8829113042,-87.647404773,41.883031561
1053,-1,EB,0.53,W,-87.647404773,41.883031561,-87.6370264614,41.883144306
1054,33,EB,0.64,W,-87.6370264614,41.883144306,-87.6244239148,41.8831986058
1055,-1,WB,0.32,E,-87.6143562664,41.8845180727,-87.6206419402,41.8846520046
1056,22,WB,0.19,E,-87.6206419402,41.8846520046,-87.6244501884,41.8846086464
1057,-1,WB,0.65,E,-87.6244501884,41.8846086464,-87.637068542,41.8845986991
1058,-1,WB,0.53,W,-87.637068542,41.8845986991,-87.6474313736,41.8844304739
1059,-1,WB,0.47,W,-87.6474313736,41.8844304739,-87.6567189866,41.8842675466
1060,-1,WB,0.34,W,-87.6567189866,41.8842675466,-87.6633319571,41.8842641098
1061,-1,WB,0.1,W,-87.6633319571,41.8842641098,-87.6648232007,41.8831805916
1062,-1,WB,0.1,W,-87.6648232007,41.8831805916,-87.6668699742,41.8834361798
1063,-1,WB,0.5,W,-87.6668699742,41.8834361798,-87.6766889546,41.8832841185
1064,-1,WB,0.5,W,-87.6766889546,41.8832841185,-87.686483181,41.8831334079
1065,-1,WB,0.510504045,W,-87.74536029,41.88212644,-87.73545778,41.88208991
1066,-1,WB,0.501846836,W,-87.7354629,41.88212644,-87.7257277,41.88212644
1067,-1,WB,0.511603281,W,-87.7257329,41.88212644,-87.71582642,41.88167941
1068,-1,WB,0.170820505,W,-87.71583171,41.88167941,-87.71252737,41.88189788
1069,-1,WB,1.01112486187,W,-87.7410732843,41.7347437377,-87.7606266356,41.7343735804
1070,-1,EB,0.966706481618,W,-87.7985964302,41.7191142354,-87.779908374,41.7195224755
1071,-1,EB,0.596381306374,W,-87.779908374,41.7195224755,-87.7683761219,41.7196721811
1072,-1,EB,0.414209784714,W,-87.7683761219,41.7196721811,-87.7603653352,41.7196627048
1073,-1,EB,1.01087096799,W,-87.7603653352,41.7196627048,-87.7408203843,41.7200026803
1074,-1,EB,1.0091051633,W,-87.7408203843,41.7200026803,-87.721311348,41.720397153
1075,-1,WB,0.966706481618,W,-87.7799060195,41.7197968969,-87.7985941552,41.7193886577
1076,-1,WB,0.596381306374,W,-87.7683737183,41.719946602,-87.7799060195,41.7197968969
1077,-1,WB,0.414209784714,W,-87.7603628975,41.7199371253,-87.7683737183,41.719946602
1078,-1,WB,1.01087096799,W,-87.7408178634,41.7202770999,-87.7603628975,41.7199371253
1079,-1,WB,1.0091051633,W,-87.7213087442,41.7206715715,-87.7408178634,41.7202770999
1080,-1,EB,1.09593318122,W,-87.6625398368,41.6628497334,-87.6413683477,41.6631935046
1081,-1,EB,1.22681017401,W,-87.6413683477,41.6631935046,-87.6176632662,41.6632816133
1082,-1,EB,1.53562368359,E,-87.618454928,41.6589702239,-87.5888058664,41.6598188126
1083,-1,EB,1.52864671422,E,-87.5888058664,41.6598188126,-87.5592878166,41.6590521297
1084,-1,WB,0.883600754942,W,-87.7191682775,41.6622990645,-87.7362363989,41.6619773476
1085,-1,WB,1.00285924025,W,-87.699794552,41.6626028163,-87.7191682775,41.6622990645
1086,-1,WB,1.02065574789,W,-87.680074197,41.6627860697,-87.699794552,41.6626028163
1087,-1,WB,0.907892221885,W,-87.6625369886,41.6631241516,-87.680074197,41.6627860697
1088,-1,WB,1.09593318122,W,-87.6413654096,41.6634679215,-87.6625369886,41.6631241516
1089,31,WB,1.22681017401,E,-87.6176602275,41.6635560289,-87.6413654096,41.6634679215
1090,-1,WB,1.53562368359,E,-87.5888027055,41.6600932265,-87.6184518931,41.6592446397
1091,-1,WB,1.52864671422,E,-87.5592845305,41.6593265417,-87.5888027055,41.6600932265
1092,-1,NB,1.93642552555,S,-87.738416167,41.662924475,-87.7395747648,41.6909694478
1093,-1,NB,1.0084869463,S,-87.7395747648,41.6909694478,-87.7400739323,41.7055773806
1094,-1,EB,1.04519884952,W,-87.8041973344,41.8648814237,-87.7839436323,41.8652555922
1095,-1,EB,0.503414826848,W,-87.7839436323,41.8652555922,-87.7741877636,41.8654115846
1096,-1,WB,1.04519884952,W,-87.7839412829,41.8655300069,-87.8041950717,41.8651558393
1097,-1,WB,0.503414826848,W,-87.7741853725,41.8656859988,-87.7839412829,41.8655300069
1098,-1,EB,1.03941949415,W,-87.8036133151,41.8502380854,-87.7834806928,41.8507279962
1099,27,EB,1.0,W,-87.7834806928,41.8507279962,-87.7634806928,41.8507279962
1100,29,EB,1.0,W,-87.7634806928,41.8507279962,-87.7442689094,41.8512059248
1101,27,EB,0.246436741944,W,-87.7442689094,41.8512059248,-87.7394933319,41.8512417062
1102,-1,WB,1.03941949415,W,-87.7834783427,41.8510024115,-87.803611051,41.8505125016
1103,-1,WB,1.0,W,-87.763913,41.851385,-87.7834783427,41.8510024115
1104,-1,WB,1.0,W,-87.7442663916,41.8514803382,-87.763913,41.851385
1105,0,WB,0.246436741944,W,-87.7394907937,41.8515161194,-87.7442663916,41.8514803382
1106,-1,EB,0.587255391559,W,-87.8208285832,41.793506825,-87.809893771,41.7911742685
1107,-1,EB,0.431797331368,W,-87.809893771,41.7911742685,-87.8015893359,41.7918962998
1108,-1,WB,0.587255391559,W,-87.8098915385,41.7914486879,-87.8208263971,41.7937812447
1109,-1,WB,0.431797331368,W,-87.8015870679,41.7921707188,-87.8098915385,41.7914486879
1110,-1,EB,0.996672897241,W,-87.7991410397,41.7334064726,-87.7798668245,41.7337543424
1111,-1,EB,0.994779835109,W,-87.7798668245,41.7337543424,-87.7606290734,41.7340991605
1112,-1,EB,1.01112486187,W,-87.7606290734,41.7340991605,-87.7410758053,41.7344693189
1113,-1,WB,0.996672897241,W,-87.7798644687,41.7340287632,-87.7991387659,41.7336808942
1114,-1,WB,0.994779835109,W,-87.7606266356,41.7343735804,-87.7798644687,41.7340287632
1115,-1,EB,1.00727769413,W,-87.7202991601,41.6912250073,-87.7008290506,41.6914305788
1116,-1,EB,1.01775151447,W,-87.7008290506,41.6914305788,-87.6811565356,41.6916419497
1117,-1,WB,1.00727769413,W,-87.7008263623,41.6917049977,-87.7202965545,41.6914994271
1118,-1,WB,1.01775151447,W,-87.6811537636,41.6919163675,-87.7008263623,41.6917049977
1119,-1,EB,0.883600754942,W,-87.736238934,41.6617029255,-87.7191708852,41.6620246432
1120,-1,EB,1.00285924025,W,-87.7191708852,41.6620246432,-87.6997972419,41.6623283961
1121,-1,EB,1.02065574789,W,-87.6997972419,41.6623283961,-87.6800769707,41.6625116506
1122,-1,EB,0.907892221885,W,-87.6800769707,41.6625116506,-87.6625398368,41.6628497334
1123,-1,NB,1.00592669863,S,-87.7400739323,41.7055773806,-87.7406249198,41.7201471215
1124,-1,NB,0.987950842819,S,-87.7406249198,41.7201471215,-87.740933,41.7344603497
1125,-1,NB,1.00806841738,S,-87.7434054086,41.82213967,-87.7435648614,41.8367455138
1126,18,NB,1.00091521838,S,-87.7435648614,41.8367455138,-87.7440666919,41.8512433072
1127,28,NB,1.01614769431,S,-87.7440666919,41.8512433072,-87.7446180929,41.865960857
1128,-1,SB,1.93642552555,S,-87.7399408793,41.6909713387,-87.7387821225,41.6629263687
1129,-1,SB,1.0084869463,S,-87.7404401297,41.7055792705,-87.7399408793,41.6909713387
1130,-1,SB,1.00592669863,S,-87.7409911999,41.7201490102,-87.7404401297,41.7055792705
1131,-1,SB,0.987950842819,S,-87.7412993615,41.734462238,-87.7409911999,41.7201490102
1132,-1,SB,1.00806841738,S,-87.7439318058,41.8367473974,-87.7437722696,41.8221415535
1133,-1,SB,1.00091521838,S,-87.7444337191,41.8512451897,-87.7439318058,41.8367473974
1134,-1,SB,1.01614769431,S,-87.7449852043,41.8659627382,-87.7444337191,41.8512451897
1135,-1,NB,0.985856855567,S,-87.7983351666,41.7192584688,-87.7988981508,41.7335370706
1136,-1,NB,1.02154901966,S,-87.7988981508,41.7335370706,-87.7996073417,41.7483295009
1137,-1,NB,0.998187349343,S,-87.7996073417,41.7483295009,-87.8000739985,41.7627887025
1138,-1,NB,0.591573841805,S,-87.8000739985,41.7627887025,-87.8046535707,41.7706448626
1139,-1,NB,0.261893470976,S,-87.8046535707,41.7706448626,-87.8007155573,41.7772906843
1141,-1,NB,0.256108230285,S,-87.8015092952,41.7958120365,-87.801764719,41.7995180128
1142,-1,NB,0.471806000906,S,-87.801764719,41.7995180128,-87.8018035778,41.8063542176
1143,-1,NB,0.777183216869,S,-87.8018035778,41.8063542176,-87.802238778,41.8176105439
1144,-1,NB,0.251006425204,S,-87.802238778,41.8176105439,-87.8024252034,41.8212448346
1145,-1,NB,0.173022844032,S,-87.8024252034,41.8212448346,-87.802521906,41.8237508093
1146,-1,NB,1.33696009685,S,-87.802521906,41.8237508093,-87.8032500234,41.8431150319
1147,-1,NB,0.504271882448,S,-87.8032500234,41.8431150319,-87.8035237345,41.8504187938
1148,-1,NB,1.0131203001,S,-87.8035237345,41.8504187938,-87.8039753034,41.8650944528
1149,-1,NB,0.590763779967,S,-87.8039753034,41.8650944528,-87.8043379781,41.873649976
1150,-1,NB,0.417640777652,S,-87.8043379781,41.873649976,-87.8045488066,41.8796992839
1151,-1,NB,1.00590031083,S,-87.8045488066,41.8796992839,-87.8051007941,41.8942683013
1152,-1,NB,1.00706228728,N,-87.8051007941,41.8942683013,-87.8055536529,41.9088560337
1153,-1,NB,1.00284393152,N,-87.8071497455,41.9538138239,-87.8069823878,41.9683436725
1154,-1,SB,0.985856855567,S,-87.7992981508,41.7335370706,-87.7987351666,41.7192584688
1155,-1,SB,1.02154901966,S,-87.8000073417,41.7483295009,-87.7992981508,41.7335370706
1156,-1,SB,0.998187349343,S,-87.8004739985,41.7627887025,-87.8000073417,41.7483295009
1157,-1,SB,0.591573841805,S,-87.8050535707,41.7706448626,-87.8004739985,41.7627887025
1159,-1,SB,0.237664114918,S,-87.801153305,41.7772680624,-87.8050535707,41.7706448626
1160,-1,SB,0.256108230285,S,-87.802164719,41.7995180128,-87.8019092952,41.7958120365
1161,-1,SB,0.471806000906,S,-87.8022035778,41.8063542176,-87.802164719,41.7995180128
1162,-1,SB,0.777183216869,S,-87.802638778,41.8176105439,-87.8022035778,41.8063542176
1163,-1,SB,0.251006425204,S,-87.8030252034,41.8212448346,-87.802638778,41.8176105439
1164,-1,SB,0.173022844032,S,-87.802921906,41.8237508093,-87.8030252034,41.8212448346
1165,-1,SB,1.33696009685,S,-87.8036500234,41.8431150319,-87.802921906,41.8237508093
1166,-1,SB,0.504271882448,S,-87.8039237345,41.8504187938,-87.8036500234,41.8431150319
1167,-1,SB,1.0131203001,S,-87.8044753034,41.8650944528,-87.8039237345,41.8504187938
1168,-1,SB,0.590763779967,S,-87.8047379781,41.873649976,-87.8044753034,41.8650944528
1169,-1,SB,0.417640777652,S,-87.8049488066,41.8796992839,-87.8047379781,41.873649976
1170,-1,SB,1.00590031083,N,-87.8055007941,41.8942683013,-87.8049488066,41.8796992839
1171,-1,SB,1.00706228728,N,-87.8059536529,41.9088560337,-87.8055007941,41.8942683013
1172,-1,SB,1.00284393152,N,-87.8073823878,41.9683436725,-87.8075497455,41.9538138239
1173,25,NB,0.297679101353,S,-87.618270448,41.6591062937,-87.6174865167,41.663379309
1174,-1,EB,0.167479459108,E,-87.6206786752,41.8781945291,-87.6174322262,41.8782387072
1175,-1,WB,0.167479459108,E,-87.6174291634,41.8785131124,-87.6206756263,41.8784689345
1178,-1,EB,0.3745,E,-87.5838907781,41.7925056725,-87.5803028186,41.7922806244
1181,-1,WB,0.3745,E,-87.5802996067,41.7925550314,-87.5838875815,41.7927800797
1182,23,NB,0.882967917563,N,-87.6599416534,41.9854613518,-87.6601728465,41.9982075605
1183,-1,NB,0.519240794275,N,-87.6601728465,41.9982075605,-87.6607357537,42.0055389804
1184,-1,NB,0.519765416034,N,-87.6607357537,42.0055389804,-87.6632694105,42.0128288601
1185,-1,SB,0.882967917563,N,-87.6605728465,41.9982097226,-87.6603094445,41.9854635087
1186,26,SB,0.519240794275,N,-87.6611036606,42.0055411356,-87.6605728465,41.9982097226
1187,-1,SB,0.519765416034,N,-87.6636373596,42.0128310075,-87.6611036606,42.0055411356
1188,28,NB,0.155005646273,N,-87.6695265292,41.9867518859,-87.6697997674,41.9896973587
1189,-1,SB,0.155005646273,N,-87.6701675838,41.9896994841,-87.66971,41.987541
1192,-1,NB,0.254644034267,S,-87.6181586591,41.8493482767,-87.619411,41.8530007099
1193,-1,SB,0.254644034267,S,-87.6192241821,41.8530029925,-87.6185256664,41.8493505614
1194,-1,EB,0.35,E,-87.60689442,41.82387853,-87.60092442,41.82512853
1195,-1,WB,0.35,E,-87.60092442,41.82532853,-87.60689442,41.82407853
1196,-1,NB,0.5,S,-87.642187,41.692355,-87.642417,41.69964
1197,-1,NB,0.5,S,-87.642417,41.69964,-87.642643,41.706916
1198,-1,NB,0.5,S,-87.642643,41.706916,-87.642814,41.714215
1199,-1,NB,0.5,S,-87.642814,41.714215,-87.643022,41.721458
1200,-1,NB,0.5,S,-87.643022,41.721458,-87.643226,41.728767
1201,-1,NB,0.5,S,-87.643226,41.728767,-87.643376,41.736073
1202,-1,NB,0.5,S,-87.643376,41.736073,-87.643641,41.743359
1203,26,NB,0.5,S,-87.643641,41.743359,-87.643853,41.750643
1204,-1,NB,0.38,S,-87.643853,41.750643,-87.643993,41.756089
1205,-1,NB,0.62,S,-87.643993,41.756089,-87.644221,41.765201
1206,-1,NB,0.5,S,-87.644221,41.765201,-87.644407,41.772472
1207,-1,NB,0.5,S,-87.644407,41.772472,-87.644597,41.779751
1208,-1,NB,0.5,S,-87.644597,41.779751,-87.64478,41.787025
1209,-1,NB,0.5,S,-87.64478,41.787025,-87.64497,41.794301
1210,-1,NB,0.5,S,-87.64497,41.794301,-87.645156,41.801585
1211,27,NB,0.5,S,-87.645156,41.801585,-87.645349,41.808864
1212,23,NB,0.5,S,-87.645349,41.808864,-87.645535,41.816184
1213,26,NB,0.5,S,-87.645535,41.816184,-87.645736,41.823458
1214,23,NB,0.5,S,-87.645736,41.823458,-87.645915,41.83075
1215,23,NB,0.5,S,-87.645915,41.83075,-87.646086,41.838046
1216,21,NB,0.63,S,-87.646086,41.838046,-87.646297,41.847196
1217,-1,NB,0.4,S,-87.646297,41.847196,-87.646305,41.852646
1218,-1,NB,0.5,S,-87.646305,41.852646,-87.646517,41.859912
1219,-1,NB,0.5,S,-87.646517,41.859912,-87.646729,41.867152
1220,-1,NB,0.5,S,-87.646729,41.867152,-87.646935,41.874338
1221,-1,NB,0.52,S,-87.646935,41.874338,-87.647171,41.881776
1222,-1,NB,0.65,N,-87.647171,41.881776,-87.647427,41.891185
1223,-1,NB,0.35,N,-87.647427,41.891185,-87.647555,41.896397
1224,-1,NB,0.5,N,-87.647555,41.896397,-87.647904,41.903636
1225,-1,NB,0.5,N,-87.647904,41.903636,-87.648083,41.91092
1226,-1,NB,0.5,N,-87.648083,41.91092,-87.648318,41.91818
1227,-1,NB,0.5,N,-87.648318,41.91818,-87.64857,41.925454
1228,-1,NB,0.5,N,-87.64857,41.925454,-87.64882,41.932719
1229,-1,NB,0.5,N,-87.64882,41.932719,-87.649077,41.939979
1230,-1,NB,0.5,N,-87.649077,41.939979,-87.649296,41.947316
1231,22,NB,0.5,N,-87.649296,41.947316,-87.649509,41.954562
1232,-1,SB,0.5,S,-87.642797,41.69964,-87.642567,41.692355
1233,-1,SB,0.5,S,-87.643023,41.706916,-87.642797,41.69964
1234,-1,SB,0.5,S,-87.643194,41.714215,-87.643023,41.706916
1235,-1,SB,0.5,S,-87.643402,41.721458,-87.643194,41.714215
1236,-1,SB,0.5,S,-87.643606,41.728767,-87.643402,41.721458
1237,-1,SB,0.5,S,-87.643756,41.736073,-87.643606,41.728767
1238,-1,SB,0.5,S,-87.644021,41.743359,-87.643756,41.736073
1239,23,SB,0.5,S,-87.644233,41.750643,-87.644021,41.743359
1240,26,SB,0.38,S,-87.644373,41.756089,-87.644233,41.750643
1241,-1,SB,0.62,S,-87.644601,41.765201,-87.644373,41.756089
1242,-1,SB,0.5,S,-87.644787,41.772472,-87.644601,41.765201
1243,-1,SB,0.5,S,-87.644977,41.779751,-87.644787,41.772472
1244,20,SB,0.5,S,-87.64516,41.787025,-87.644977,41.779751
1245,22,SB,0.5,S,-87.64535,41.794301,-87.64516,41.787025
1246,23,SB,0.5,S,-87.645536,41.801585,-87.64535,41.794301
1247,25,SB,0.5,S,-87.645729,41.808864,-87.645536,41.801585
1248,24,SB,0.5,S,-87.645915,41.816184,-87.645729,41.808864
1249,25,SB,0.5,S,-87.646116,41.823458,-87.645915,41.816184
1250,-1,SB,0.5,S,-87.646295,41.83075,-87.646116,41.823458
1251,-1,SB,0.5,S,-87.646466,41.838046,-87.646295,41.83075
1252,-1,SB,0.63,S,-87.646677,41.847196,-87.646466,41.838046
1253,32,SB,0.4,S,-87.646685,41.852646,-87.646677,41.847196
1254,29,SB,0.5,S,-87.646897,41.859912,-87.646685,41.852646
1255,30,SB,0.5,S,-87.647109,41.867152,-87.646897,41.859912
1256,-1,SB,0.5,S,-87.647315,41.874338,-87.647109,41.867152
1257,-1,SB,0.52,N,-87.647551,41.881776,-87.647315,41.874338
1258,-1,SB,0.65,N,-87.647807,41.891185,-87.647551,41.881776
1259,-1,SB,0.35,N,-87.647935,41.896397,-87.647807,41.891185
1260,-1,SB,0.5,N,-87.648284,41.903636,-87.647935,41.896397
1261,-1,SB,0.5,N,-87.648463,41.91092,-87.648284,41.903636
1262,20,SB,0.5,N,-87.648698,41.91818,-87.648463,41.91092
1263,19,SB,0.5,N,-87.64895,41.925454,-87.648698,41.91818
1264,23,SB,0.5,N,-87.6492,41.932719,-87.64895,41.925454
1265,23,SB,0.5,N,-87.649457,41.939979,-87.6492,41.932719
1266,21,SB,0.5,N,-87.649676,41.947316,-87.649457,41.939979
1267,-1,SB,0.5,N,-87.649889,41.954562,-87.649676,41.947316
1268,-1,SB,0.297679101353,S,-87.617866,41.66330931,-87.618769,41.65900629
1269,25,WB,0.64,W,-87.624366,41.882109,-87.636891,41.882014
1270,28,WB,0.54,W,-87.636891,41.882014,-87.647361,41.881876
1271,-1,WB,0.5,W,-87.647361,41.881876,-87.657142,41.881715
1272,-1,EB,0.5,E,-87.657142,41.881515,-87.647361,41.881676
1273,-1,WB,0.5,W,-87.657142,41.881715,-87.666802,41.881554
1274,-1,EB,0.5,E,-87.666802,41.881354,-87.657142,41.881515
1275,-1,EB,0.17,E,-87.647361,41.881676,-87.644126,41.88172
1276,-1,NB,0.57,S,-87.620301,41.867512,-87.620488,41.875774
1277,-1,SB,0.57,S,-87.620688,41.875774,-87.620501,41.867512
1278,-1,NB,0.59,S,-87.620488,41.875774,-87.620542,41.884414
1279,-1,SB,0.59,S,-87.620742,41.884414,-87.620688,41.875774
1280,-1,NB,0.45,N,-87.620542,41.884414,-87.620124,41.891002
1281,24,SB,0.45,N,-87.620424,41.891002,-87.620742,41.884414
1282,20,NB,0.4,N,-87.620124,41.891002,-87.620269,41.896785
1283,15,SB,0.4,N,-87.620469,41.896785,-87.620324,41.891002
1284,-1,WB,0.37,E,-87.617048,41.896936,-87.624241,41.896835
1285,19,EB,0.37,E,-87.624241,41.896635,-87.617048,41.896736
1286,16,WB,0.43,W,-87.624241,41.896835,-87.632709,41.896714
1287,24,EB,0.43,W,-87.632709,41.896514,-87.624241,41.896635
1288,20,WB,0.77,W,-87.632709,41.896714,-87.647745,41.896497
1289,24,EB,0.77,W,-87.647745,41.896297,-87.632709,41.896514
1290,23,WB,0.4,W,-87.647745,41.896497,-87.655452,41.896367
1291,29,EB,0.4,W,-87.655452,41.896167,-87.647745,41.896297
1292,-1,NB,0.56,S,-87.627318,41.867413,-87.627518,41.875639
1293,31,SB,0.56,S,-87.627718,41.875639,-87.627518,41.867413
1294,17,NB,0.77,N,-87.627518,41.875639,-87.627876,41.886813
1295,22,SB,0.77,N,-87.628076,41.886813,-87.627718,41.875639
1296,18,NB,0.68,N,-87.627876,41.886813,-87.628098,41.896677
1297,31,SB,0.68,N,-87.628298,41.896677,-87.628076,41.886813
1298,-1,NB,0.6,N,-87.632157,41.878134,-87.632384,41.886928
1299,-1,SB,0.6,N,-87.632584,41.886928,-87.632357,41.878134
1300,-1,EB,0.54,W,-87.647241,41.877947,-87.636914,41.878077
1301,-1,EB,0.63,W,-87.636914,41.878077,-87.624306,41.87828
1302,23,EB,0.52,E,-87.627565,41.872992,-87.617312,41.873156
1303,-1,WB,0.52,E,-87.617312,41.873356,-87.627565,41.873192
1304,33,EB,0.4,W,-87.647125,41.874238,-87.639487,41.874238
1305,-1,WB,0.6,W,-87.627611,41.874652,-87.639487,41.874538
1306,-1,NB,0.5,S,-87.630336,41.867374,-87.630574,41.874521
1307,17,SB,0.5,S,-87.630774,41.874521,-87.630536,41.867374
1308,-1,EB,0.6,W,-87.639487,41.874238,-87.627611,41.874452
1309,20,WB,0.4,W,-87.639487,41.874538,-87.647125,41.874438
